$aa,$sced,$cplx,$site,$resl,$acap,$etat,$rely,$data,$prec,$pmat,$aexp,$flex,$pcon,$tool,$time,$stor,$docu,$b,$plex,$pcap,$kloc,$ltex,$pr,$ruse,$team,$pvol,$>effort
5.916099056072906,1.28823473021611,3.8014124078148157,2.3432423272439236,1.5515106780631096,2.611934104967443,4.9185537323758695,4.684768512782679,2.5326937953976643,1.5060510764651722,2.6380638789044277,3.0327517235558976,1.1522359025819564,4.3664202732988695,2.272251824980338,3.0426952551437676,3.8093956977879273,3.764504537533237,7.933246346472245,2.5192351579186267,3.4408047543052085,214.36139066008062,3.2885116097742917,2.6695467069540997,2.6359711910367656,2.7630803060439453,4.908137759032624,0.030645952167891611
4.37991984288845,4.445984965805021,5.5032578069871185,1.2385391245361639,3.9734623147516515,4.087343678036674,4.021841208083479,1.6762883923925558,2.4018147704745045,4.526093640074636,2.034818454293606,2.1194409483271044,3.747510087715962,3.8921041611162295,4.207843460107487,3.1988887655801994,3.116198491395473,3.3829792162946806,6.499462788970252,3.8533398266965695,4.427905630580424,87.33852327123864,1.4563660728425583,3.276002208411347,3.4673208633531685,3.160887967755705,3.8100961875125563,0.068497012524304457
5.945529684908187,2.8585954032568437,4.1268853159211645,3.103615505502373,3.8099102411388133,2.5834972731516346,5.252134022434198,1.0896124242218423,2.696705079400319,4.67555838717079,3.28243102977077,2.8091732838578616,2.78534293252449,4.537587453661275,2.4948528571553727,5.287209388864383,3.817970310531863,4.25654778134229,5.305384711213175,1.8345010014754133,3.593072242610501,243.72224284221772,3.7683720709603166,3.8682086533590443,2.4360204818793814,3.465408752887738,4.929599054053705,0.15309822028460349
5.304804760907109,3.667366094019245,3.5000407378136242,4.826123138897942,2.4373387624188836,2.770100291961726,3.3991598228763427,2.7220540205503325,2.627422628814047,3.8404486742895387,4.21993469386465,2.0410588622415924,1.7091637406842035,1.5463641068336944,4.792918427816142,5.846888682778141,3.1573019555409623,2.051820518522505,4.6195382802793405,3.872446669522824,3.7475266448056335,105.35593415251475,4.847600829912237,1.4177161220617913,3.867427474102786,1.7350111887534303,2.1258538687760713,0.44740568673791564
1.9518302102690561,1.0529062189384586,4.649950405080236,5.507240921507561,1.436731207835623,4.8292553955934725,3.7550538436968557,4.0743044249610545,2.416458416561187,3.466553892661783,3.5057857520319495,4.14122018581015,1.8756925080665354,1.3754366985269177,4.685321965889967,5.236518856147397,4.443723855983072,1.1427505502547235,6.839767907871983,1.553459743728312,3.5095663259718615,253.10311587131787,1.2831207623445615,1.5430211049992812,5.833371197834757,4.366106374536145,4.859889805142874,0.15309822030994588
2.989116554547418,3.0824939348775717,2.139228597204186,3.293800185277384,2.5035373747722387,2.8497010557131577,4.359246535979006,2.490256016359804,2.298896744415665,2.5224338469429215,4.501776463623734,1.9119674689223043,1.71285413467226,3.693268337096353,2.1616198762202914,3.178212193897395,3.292127132946079,2.333069508410041,9.990321414736933,2.6661098220508586,3.3822296313440363,155.2168599755663,4.0496803349048776,2.263364743730067,4.767274464572614,4.400014978084997,2.5360511307072398,0.44740567599699521
1.1079134101162134,2.0177674520255544,5.286704088486698,4.494313454051307,4.827129951789734,3.2903269588713684,4.74927750824505,4.229965790758203,3.788034122643127,3.736351611338482,1.4061692480056345,1.6469833800652212,2.874984290279343,4.130435987096432,2.0092475721413505,4.823035026643236,4.863317939489962,3.959376006958953,3.2210804968813136,2.329660249089247,4.809435098704865,312.89687669047805,2.706199285492907,3.8111244901023023,2.4851421690219753,1.4923224831974267,2.913930726353991,0.023439064946398896
1.981357284616093,3.9810263628830893,2.603787005502997,5.067375244369794,2.0328816894963615,2.756510341169048,1.0770655654365604,2.1817956463544927,3.8329788918364605,2.9415298787886743,3.7022969004784168,3.5530754729942666,4.861645196694023,3.908821311976042,3.8158512975246257,4.951349775049975,3.024454024493185,3.407555701924589,8.285746823409458,3.2775587729721076,4.672014255418906,316.205296692772,2.208418074745385,5.765477741053104,5.455660424300198,2.2053559862572643,3.399149061039519,0.58497098604465314
1.4868093468944623,1.797168214055993,2.834480072256201,3.6035924929221457,1.4033123207436042,4.996833254717235,4.96953320683067,1.6671884136085593,3.527667921477697,4.379258233719591,4.073066542550124,3.937165670240951,2.0065347377967284,3.4464320585713653,4.175908553139694,4.41099888573704,3.7388473251406595,1.3345998226921143,9.4649001042531,2.547439726307462,3.0636415796665477,254.37284395492685,4.8717215598711325,5.3110781436033765,5.777589345749589,2.4448951582774123,2.1183655051866515,0.030646037504956661
1.5535002179498933,2.9378254287670234,3.0783388136884717,3.930673601331104,4.317311636123499,2.9824800411977437,2.9568952012471486,1.7054700232421136,3.298569761788001,3.7338163315469495,4.751757607730896,3.4986788605119816,4.654241596629003,1.4095594558876088,2.736669954184037,3.044209618835987,4.003790192781289,1.1054341340728078,9.033980136132527,3.9929701460130356,4.553834182741973,283.0095435731674,3.741713007831149,5.150239710356071,4.300975336266008,4.686413052708532,4.302661997460255,0.11709472838272968
5.880782494731337,4.595334200495563,1.1320650087526039,1.0285596434498818,1.7007316197383773,2.9486758935448987,2.043112850089172,1.4866259078058288,2.083608023212856,1.785764844744198,1.5674138402728697,4.969004271515638,3.2609934534540788,1.5189197097974887,4.886843863802824,5.998609605387525,4.153351900113722,3.991961860884756,7.02314871993692,1.9455294636762985,4.846386506261874,64.7184593051741,4.092966366575389,2.3244350492586534,4.3111519195780925,3.666906365612747,2.8192485066120496,0.017926992856723601
3.8099897175654798,1.551231334840883,2.0765946082576687,5.9129609619960055,3.360480595719192,4.53207352013404,3.4409062860168995,2.8868418319273936,2.635179685007416,3.7033148637985387,4.765747251056556,2.52696955669311,1.4382966423450636,3.572300871712601,4.483886269218231,3.743747953579081,3.2021669633440215,4.915721325842461,7.611068884231207,2.161512791943227,4.543943646650282,348.56238023305633,2.809517671288492,3.088806631252369,5.6664968571722705,2.76706502184207,3.9288143922855596,0.040068772679898938
4.238596201875186,4.921205937395585,5.040321002008957,1.5948592841891935,4.7217015941907885,2.882517285849672,5.876693582318593,3.329340800686901,2.092656603440065,4.510159836451594,4.659520500300368,4.9831167614700895,1.9883449490929497,4.5032658067004,2.544801804636716,3.9530708611748766,3.54620665924234,4.576852556070788,9.805168759851707,3.212112914356683,3.28966084938756,153.86600377971857,4.946019230250695,4.822642016306057,3.583594860980908,2.1919115308785986,3.527914709535181,0.76483395978622193
2.9394741183175985,1.3797678785386056,2.546961592587022,2.3566756835421483,1.373765987438984,4.755290706745716,2.7521229057776777,4.837319339104157,3.428469399677816,1.124238535139948,4.223807028393263,4.501239256747727,2.309452704612183,4.580686761069656,2.7043854546779573,3.968243161017731,4.327360612557122,4.977440738179812,8.78221378939093,2.9424192620021588,4.9558272379542,378.4991555683679,2.7527359552256288,1.8496482560123635,3.177249754013123,2.4824505790114877,3.7231658727125225,0.26171933951624321
2.7518006167495175,1.984943326477414,5.382996117106412,3.3479037734248625,3.1000033243244003,4.371965779212855,4.1224160952897595,2.6585575847874443,3.2313156273893444,2.2685998258057873,4.650101011120853,3.374623611341341,3.885785374370043,2.0818102447108493,4.251999519677436,4.096610491209201,3.485738378414756,1.5977579872304952,3.9862394915662227,3.5523481245525863,4.987145222322422,245.49314810458236,3.403720030531714,4.965491129085757,5.653968994784362,3.0035577700060134,2.3659684302573125,0.1530982341664554
5.257471934741812,4.277744972263416,2.0940964472746777,4.418627933591593,3.308289311396537,3.3314857438574856,1.6632282414126944,3.1187724183924015,2.3381094467559045,4.960264931909045,4.635349916052218,3.807983736529837,1.917258773867963,1.3427039289554727,2.6346546966934357,5.652402602938259,4.113101289879602,2.781564631845445,7.82579069112539,2.2672520860086958,3.521948128854845,126.65878369937231,2.0399322692824566,1.833022997818793,5.449417828126082,3.872532994917729,2.987048676358382,1.000000000000077
5.978521502360047,3.650088711835254,2.0382995645820503,4.197215290780727,1.095442628413711,3.1696841404215137,5.433632490091512,2.4583983528283446,3.0191402808257486,4.751076807643434,4.038559970388386,3.485151774416252,3.146442440341151,2.653084523305668,2.5733483414728227,4.055890227345607,4.830670950842915,3.7951006744922307,3.016072950058753,2.745606345822751,4.340236127704876,332.0019869806994,1.0537733404136844,2.89834167493133,2.6912430987200704,4.724003293939072,3.9221245790750907,0.44740567561443295
4.667860034620273,3.6501692228000517,2.6521518565524147,5.310398778581739,4.669418107433138,2.2851542405894723,1.244645233956446,3.69798749429654,3.114819051079162,1.501530410970712,1.9091799226992063,1.669359337067942,1.6849179252505508,1.938617031659068,2.1923829161920922,5.494638842464674,3.527164292981121,3.2007476069231835,8.064911046863621,3.061172328750059,3.396306615329829,61.12242642923858,4.580263337397508,2.1620779741786724,5.33997980384245,3.2016539043011583,4.719965057487328,0.26171933922737395
1.6233986361780386,3.2112354385632016,1.3294057525712875,3.3650907263947634,1.1694860557108853,2.2974772369163396,5.611546726985741,2.736595828904425,2.230912868623588,4.600396664065293,4.777744865725291,2.7515842786693674,2.9960678792636832,3.316991886620545,3.7666940499148405,3.0617825513052903,4.265854157945619,1.50378517715769,9.358635002925508,1.7337840716442803,4.298797118421554,342.295980300464,1.8015568418892371,3.3100878983220148,3.5859189801422104,1.9503070447631008,2.3145893978752925,0.15309821994691306
5.579095585054094,2.9634673804178275,3.999638884083798,1.7411661992210177,3.8992198635610325,3.2045676192668155,4.615298157154662,1.3250975482007656,2.6945348889033154,4.681641247727994,1.5074320530426335,1.2209137862366308,1.021063925121969,4.314741887983409,3.2209280099923685,3.0705033612986505,3.355962866080315,2.1013319496010494,9.238910473338255,2.6211304816807646,3.591340761852616,265.6676588858913,3.3220892395577026,4.4665325669665465,2.92762754891253,1.0841052532325919,2.3029849843023813,0.010486770694361939
4.526407797238282,3.6352695218593603,3.4272420688827747,2.7551940584460866,2.457894270669043,2.550128518560547,4.985460070103789,2.281987631847414,3.6933046423138265,1.1332193754501647,3.7377530653790467,2.9436204112166475,4.429239175147564,2.60046917438581,3.1287022972810994,3.2554400159070123,3.3523422330755275,3.0971649295026182,7.828132331818938,2.5106812081587906,3.8655021240730676,210.9068843432125,2.6589343474863516,1.0348287246216727,4.719502474030755,3.0214610562268303,2.631062527785689,1.0000000000000753
2.3976340786867865,2.843975735981739,3.227342718041834,5.525347699942705,2.324806270006913,4.666299874954671,1.60132670323447,4.7039769378204,3.1831552107859817,2.9822804355280934,3.2974450714212598,3.359530027069452,1.1239027085973907,2.2383880342372255,3.0367162503170624,5.36175894885326,4.658146964359453,4.490570776610835,7.63855165748349,1.7734493993464302,4.433109173730396,348.6419246572891,2.756682832248727,2.6198067089976598,5.686277162993029,1.305498446506716,2.36194162332536,0.76483395978568636
3.424776318774624,1.850827028623717,1.0667357780861355,5.640628785682631,4.5387374438239,2.7628205458591575,5.589728508274854,2.4398808535798064,3.1971226519990052,3.3022917077344762,3.071974101127869,2.184989875137798,1.4571460757901504,1.4499308945941687,3.8571321538883767,3.666399163455089,3.7785228870606202,1.0049671594763625,8.512407936417347,2.4211709612685324,3.772267980148448,290.8665044022324,4.185822938008299,1.1812204658672512,4.341511215981352,3.8744550847573955,2.4999354815080674,0.068497033336232888
2.6635665804174855,2.504581025889631,3.6727318210655575,5.741040417311666,2.589538259725803,3.7457203617676598,3.8363870194395853,4.7689796234392325,2.8533335783772014,3.9839905139204443,3.7471662587559242,3.2397000457520795,3.0975067088336545,1.1007471632681463,2.531589407443734,3.4910321792121066,4.164658187656908,1.488522204767182,5.841279277152121,3.9528887250982594,3.0850650125835744,49.49749540014408,3.2477323726920466,3.6607153741508336,3.7526879630627126,3.5121208629330303,2.5709723088875447,1.0000019563024007
5.136727185050224,3.48046269129889,4.763031109449111,2.4464097705517425,3.4769478662188873,4.374723078558759,5.55097831727508,2.3415209821525567,3.7531917313445256,2.646521061626135,1.183714326376843,4.725063768664342,1.4256729355216615,2.9695628657260977,3.431864373579574,4.388629493498087,4.168490539269935,2.18875746718132,4.700211757099659,2.560189759655442,4.131445845314176,358.4590370501772,3.540761093990672,3.0904583451327725,4.780640381883839,3.6193467468251423,4.774097592114838,0.20017183857143039
3.0405270518472776,1.1449222846577962,2.101428930865099,3.8903365237645944,3.642558762653257,3.7748751107105183,3.8031240981532783,4.597590361505574,2.21204045372934,4.8391892700577035,4.680394591685398,1.779405561449042,2.420325422330047,4.856026147498785,4.6972376575654025,3.6892583257560525,3.612744741537589,3.064502333031923,5.0581889266548,2.2472518003085433,4.673102401355616,135.83812751634076,2.5284581162173603,2.4701236650728577,4.882780872908425,4.380643102563402,2.8144386720232384,0.040068977650175509
4.357895455924178,1.5308003112546298,5.882684219058869,4.049605795079782,1.3363132038058816,3.287694539182276,2.1600491915110234,2.1598433787753395,2.339952549766781,1.9343304753789181,2.391723564615517,3.2465187268639983,2.1209008294105587,2.6383714635264526,4.3823277378530054,5.31500593597951,4.766609696388723,3.304256933550706,6.651610977509401,1.0043373473262434,4.129362594993411,84.94027713092025,4.696511580345213,1.999421436358171,5.5696267605345025,2.5003217679629057,2.392980900854198,0.08955802023278564
3.1671075683404757,1.9299981942058992,2.607072279578106,1.2103327579686205,3.85286126248326,2.8217586334666898,2.663567960401955,3.2910209327739977,3.4670801502905997,2.2187492562275013,1.5075071935158264,1.1969077312041474,4.9826044824963835,1.9953085077014503,4.187880412046706,3.538253240925991,3.736265068858949,4.6572251845069985,6.287201496215463,1.4415899900792568,4.022293706579737,409.5204224623389,1.54272662503186,3.037648197610049,4.412007687037848,3.814998195934226,4.689580454335367,0.001605505925195055
2.366081065376303,2.283984973665631,4.910980287309449,2.043361010100052,1.075823582988916,2.9032762686476303,3.9839587278504016,4.447600507413586,3.686637199777402,3.137865882132504,1.873079848951141,1.947902309731095,1.8082611806572575,3.7317844123490094,3.0306058317620415,4.858723079088076,4.754243727672568,2.1246913194446537,5.543304730578441,1.341229441934472,4.948248257966466,174.13702448830838,2.684487080191613,4.053848566735411,4.0938640181528925,4.52229217419895,4.987153587921842,0.040068764957244062
5.17846964682707,1.6951724298889674,3.4066997769974035,2.07293270837752,2.5018464804469187,2.6681864659611123,4.390980609452234,1.9677307596207538,3.0061721137974677,1.5410676111282706,4.551483707733217,3.2356498025206153,4.495523185693743,3.9887267416295766,3.9000182033612782,4.343104302884057,3.7697432609162145,4.427949645484514,6.036709658578202,2.517020441694253,3.9763921459280542,255.1264204689873,2.568518652369298,4.798390952523254,3.1258731268375284,2.646994812265324,4.5725727816141335,0.017926992912761147
3.5532876032595415,3.1805486696143426,3.945332664650281,5.66425291971219,2.6984014645284096,2.69534821051725,1.1513518741087827,1.5176312146538788,2.2546147624046124,3.968701725692773,4.321429999879927,2.3780630569114463,3.7219430393649064,4.858562856999793,4.492199754939672,4.581623361107462,4.694221859063392,4.535908427744602,5.212312118871248,3.64377389368936,4.406008142310062,116.1606950564146,4.953399161502183,3.7007964950290826,4.320637138019212,4.567510685374209,3.981037564033319,0.20017201208758501
1.8841480778692308,2.613290670920329,4.780487359613833,1.38872504062571,2.2795710507479807,3.486871239164169,3.88419421024639,2.264458627764069,2.3877281674617925,4.760522363675781,1.0874756242869608,2.966432563174713,4.6083075870575385,2.5273111856273776,2.6863117988364436,4.85367372837937,4.7679363479360966,1.6530294566007218,9.704465167474046,3.2386247076401284,4.996279441917138,33.684325395943134,4.863565260589426,5.741748035680091,3.27390966896084,4.784987753269201,2.0900894787200084,0.089564744828754178
3.9984681619596376,2.344325627324162,3.5472570223369146,2.160541858204173,3.736168198920907,4.005504431313737,3.165154654080972,2.4962749048017097,2.065606712575617,2.9085251101984264,3.6300398693672893,3.9929958217176638,4.612195974472686,2.6411637113169855,4.5789704117652885,3.873253275755798,4.952273343563087,1.982379165963203,4.290784241378001,1.9702417109115746,3.5166699782353485,130.8638168493568,4.19846345434624,3.029537716843883,5.884233948625637,1.9673650082321252,2.4005364154170548,0.34219107215601163
2.4070043325627264,1.9197782974982607,4.657291089118495,2.5369716359111734,3.104868763740151,2.028992213014257,2.192205831562571,4.527854351006175,2.336843611914509,4.863192895527806,1.8296669681860207,2.6462513911461536,1.9117353199954379,4.346320390308312,2.3255561262577853,3.68806818792163,4.375734363780289,3.547631433463105,4.916063738459407,3.1520716398806954,4.369641180500957,173.04788321752457,1.786426222124796,5.684337788859561,2.925717772959073,1.6205211778182713,4.850496059556988,0.00054938977031176778
5.144897270740825,2.201117680195315,4.331297020039088,3.741046969665149,3.1919126331157464,3.3776646990396224,4.461509488912193,4.549844414717423,3.2513964416627053,2.325388761115448,4.570249895903871,2.7809186657652716,4.653398969743801,3.9270600647641642,2.9955498672752663,3.786926341785912,3.6668644065721137,3.5549011326004654,3.762378048028845,1.765792358076908,4.099357329140928,402.61431974952944,1.7956445532764964,4.129255937315229,2.4157573890462922,4.4376311370163375,3.068557112395636,0.34219105451056026
3.596537250366961,4.435656400307791,5.163471534349363,3.3091842144664927,1.866339671075759,3.851825987442659,1.4091415098939166,4.566662882945735,2.5483372073483146,4.249153839580657,1.4619050878178714,2.4347126794609517,2.740157384101018,1.5191903834522855,2.8780487045581182,5.1079237258905374,3.2877170994904965,4.309641227571234,8.275852481415779,3.2650621735146497,3.3338598577574343,178.18372688603262,4.079522984148346,5.973259215460969,4.854241515508997,1.3822810953673001,2.7507914816293115,0.4474056756137873
5.925287779873843,3.439832476396257,5.961524155349526,1.4576605071713509,4.9879704016188295,3.3263737978759362,3.1721090687742555,2.995606990542974,3.2063039031275338,2.082856848362538,2.5983097439297484,2.413799345083539,2.01346924137445,2.115733751644457,4.11847881359298,4.632005191165948,3.456998300359346,4.987993388255186,6.0695421458416225,2.7802411535359615,4.772962730953349,408.4100277808546,1.439998559025042,2.0683783214542353,5.304535646126664,2.8414636323346483,4.598279389274765,0.4474056756137873
1.3785340105296346,4.5818094634568585,3.9353788467314863,2.80389204453785,4.784258972140574,2.674014169618257,5.215715861321093,4.090310309231761,3.854123561132578,1.3025249312481746,4.460845682831572,2.3235213613238925,4.506015195380542,2.9498555147512957,4.817855930795341,4.413104720260649,3.573564371721667,4.284214107487221,7.959009282884812,1.565422480270139,4.735958046641209,351.7084550954261,2.247156384298804,5.512195946127255,2.3324424994452437,4.254376494505764,4.531471515091972,1.0
4.58422808316693,2.028297811856857,1.2239316027022709,2.077000460075228,4.977966103010132,2.802096603212699,4.280773619927624,3.076674379777433,2.2672132242399567,3.2845313006215364,3.401225010275466,4.3734054449163375,1.6717442383964394,2.96032418702246,4.0683552919889525,3.1484624780880814,4.162557551407172,2.4819830443865083,3.870323339504478,3.7157637970432678,4.4089301626314175,225.1809815797313,3.558651366619892,2.675555541727454,5.595382575293016,4.396731891611802,3.866505894773391,0.20017184486076409
1.7009001577319989,3.437510256258413,2.520824637037834,3.4607101127503928,3.470263866392456,2.3626246718686565,4.596327460300726,1.5953867375813933,2.1661274213418213,1.9492766495740654,2.875456470571327,2.0127028686327693,1.9981127590208754,4.53309904182649,3.796744679436969,4.1126096863506225,3.2571376165154726,4.142164336483024,5.884559978738991,1.9919594328832975,3.9393010679100575,18.826338293744023,2.018726977377787,4.736593925870503,3.61803682629841,3.2750899781056115,3.9758565216247,0.58497241158169366
1.9004640775300947,4.956509232804118,5.056680516830719,5.122882596171214,3.460359969950771,4.2716512688634145,5.736497801704776,3.45074615568165,3.911286313885766,1.8594358459645046,1.3754776785271874,4.163309957732055,4.037591512600818,1.4299053536537514,4.359629020208931,4.562080845667521,4.634816962028308,2.9978661656930656,6.09848788169711,3.324750149445692,4.605896785390467,56.96785359006315,4.633413437811692,1.4736810612568465,2.558477450049441,3.320811727697049,4.457534485915376,0.58497098615229748
5.958609875195276,3.766069501520291,4.357217138284338,3.703639001080338,4.122694191439113,3.462444929566715,3.5927353675051164,1.0407089652747015,2.9838254741564487,2.4744258860687376,3.2416057730761185,1.7392044061845104,3.784807377743108,2.7188530940143543,4.934496942935715,5.422259701241605,3.0954835795086426,1.5753214270512306,9.395076627035394,3.861190062787046,4.877102748068245,94.83150285791541,4.011339308855151,2.6162483136878714,3.201949403970075,4.7765716966022795,2.6296044031238144,0.089558035543750941
5.9433485912831925,2.872373671645303,5.8965302956366505,5.86963770199665,4.479193460660626,3.2255195032906743,3.1416253874009463,3.7308585162405015,2.6113757478204294,2.6625064493423416,4.575796336211679,3.0368293707704686,2.6893432386031586,1.9193081875254316,2.6071887668432465,4.304277205186551,4.262392522159873,3.8248668031908757,4.679356657472488,2.1356393994897727,3.475657241589362,152.10267548284514,1.1395970186405626,1.0073636641543917,4.086857521608355,4.498651321220044,4.010425322908148,0.44740567594698055
2.9375052980002536,2.8969256585151,2.921661698891696,3.532390040365897,1.8583528362311221,2.0699183142085484,5.106931183136099,2.9922529649008354,3.8832921977664974,3.8182161561756987,3.3641321632236436,4.758625088423701,1.9404945821949684,4.285065057902793,2.0662545523049936,5.545707149973626,4.199067933935597,3.8661916661410687,7.855658761818402,2.6467481888845534,3.4833312735004105,341.62376746865795,4.640272335565049,2.8195373593803073,2.1514033631312235,4.10477509605521,3.0901024408649462,0.58497098605170694
2.5038143871560514,1.0576492694119959,5.228319012044813,3.86840454852348,4.999287630454761,3.4937475231214665,5.28374315922978,1.416626437680395,3.1496423919909233,1.7172794618405476,1.0159195478794176,1.264267556969859,2.9728148218008283,3.1536636738524537,2.018363921185685,5.776142922466797,3.2847378613692984,1.6243580581880837,4.522172124955379,1.9367806755432877,3.651067868773531,217.7264148443254,2.6973448766015062,3.5047086988397593,3.4664886461322126,1.175429829244563,4.347037534225455,0.00024580010030069522
1.7358521784545418,2.7266275933983533,2.861455605566092,4.220899342933536,2.417268060479445,4.475405778757011,3.4401882359913323,1.9018935863457038,2.3438827586247246,3.0928250184671353,1.5451645029063648,2.022724797953742,2.4603192438471617,3.1668862582439807,3.012852324901218,5.006176693359956,3.303149425757324,3.123290439629859,4.668619273859549,2.573531577022342,3.4377399967183644,313.04118430428633,4.369795229033244,2.027424524560205,4.582212186114809,2.1777524394707113,4.835023722176874,0.068497012532415011
5.416513677845696,3.21816820381581,4.7641209171676415,4.115087054454715,4.7174617680816695,4.535607712880407,5.811743330448796,3.1566197778981464,3.1940145532767876,3.2599698223171805,2.556481147372946,4.440724765510792,3.423616842537268,2.023297918093807,2.6497211501988582,3.9453908154275528,3.0368262163841893,1.5903427227867848,4.321064856699591,1.3489032902505134,3.156865771931356,374.89483850550846,1.5362497231880181,2.194925026899249,5.638307888700556,4.640805666351117,4.660009797488373,0.7648339597856666
1.493297799390744,2.7628260091702823,3.42556170652177,4.040049869821386,4.791838619245553,4.779998141773877,3.7776192068664463,4.1115054350877855,3.5713067300214627,1.5800101392070056,4.13591456124718,3.9646610252239243,3.126404853724324,1.370033660062734,3.18989499527401,4.56703186046473,3.6879319749676043,1.013823113352608,8.701518818183029,2.7944156870939865,4.494175532734156,241.3415361179183,3.5535217875613534,5.520842028020852,5.468944397302951,2.415449575826515,4.425687258046655,1.0000000002074385
2.6749252964355383,2.2411420012102745,2.4135453608629085,3.610264408660967,4.165020343440594,4.147994867988821,4.121644545742086,1.6589578373099094,2.9092931347349937,4.262136368826186,3.877924884104088,3.1596298382870844,2.6463950418277067,4.450222637845291,2.37063605222432,4.0974644936630344,3.704334522496268,2.727360173331287,3.9261341772070892,3.1549784228086697,4.603029014076638,251.23716192787435,1.5257179935750025,5.460279118285668,2.6201048524974135,2.4105659286654273,4.927058248494866,0.052388841639301159
1.5177853913540016,2.3666120449971313,5.85056312204732,1.1097340659874786,3.247299482470197,3.9547849482596438,1.8983939398647,4.768357115238684,3.4558620441370604,1.5074099673568218,2.7279008406949976,1.9096285918874147,3.431138894613931,2.0246129679836766,4.143637015562035,4.562314630614221,4.847512700316765,4.3849372168070815,8.098203298130247,3.829924948307693,4.721954968083586,119.66749998907262,2.521942237139655,2.5994035897870513,4.325640485463394,1.9340861747883258,3.5171490741132825,0.052388841322388857
4.156385042108863,4.200095396594345,5.545957311954055,1.6649085488855815,4.77476012028679,4.586821488315904,3.149012881747402,4.475939784221964,2.769216908694884,3.8088726174789045,1.2459611859189579,4.1073966094191325,3.3182747002169872,2.0832144086791304,4.171493456492179,4.783293759008519,3.3227053270554663,3.3652108792500313,7.172448041311224,2.91732918224428,3.9654901568412715,406.5386421431836,1.8910178835450835,2.0838707621021193,5.408199674235673,2.9050140225822108,4.649334937193463,0.58497098604142272
2.867474322437027,2.437807048903923,2.69682393523329,2.947486912657113,2.543324067657618,2.1285138672626003,5.221990554761151,2.964407923864534,3.024429448750937,1.5678890191185109,1.0385993431695124,4.756278675520398,2.9104174701200565,2.1414917477243756,4.700374070160954,4.104943341354405,3.738058374405047,3.026342964632986,5.393614530776496,2.5445661997972753,4.818248672419947,134.22689884999863,1.4624106510633754,2.480297568880193,2.9696038226867807,2.833885369870317,4.8755938904597835,0.040068765023198706
5.6839765804646465,2.6988668417297337,2.38824195672421,4.173624659812575,4.403325007208031,2.040587813948457,5.892373274404188,3.8250670780700236,2.3627916751199938,2.428697834154109,2.2946401730879957,2.335394876214672,3.8916774328247135,3.013719302738377,4.801929291944354,4.077135401421243,4.241795670992176,2.2189391486104304,3.914833858170481,2.8556218690621686,4.880587313057175,9.844268882141384,3.916618737922786,5.511557907579785,2.092234171997532,1.9522069870716257,4.214841203283144,0.15338498659510147
3.338432126615435,3.343695736365783,3.6367931003333216,4.549698829243443,3.9777640817509683,4.060940556445033,1.2432955896467663,3.2503638891329456,2.6507302301309483,1.0772551080818142,2.7237201625495957,4.232154327171596,3.3433802803838777,2.83095057083829,2.3856380256261867,4.019895183033592,3.8362045835214476,4.644764223532182,9.815917148852979,2.534254547108312,3.7295317459645583,228.8861651981883,4.926479980629959,2.081850445581734,3.519477465082063,4.939245696390763,2.07484594255932,1.0000000000720231
5.0596088109050035,3.5819921418376137,1.2258252831593,1.2924269819502456,4.392784615024924,4.747443053988771,1.5599655834812785,4.059668059927144,2.465797306104678,3.075791205736723,3.217777801277612,4.199996228514125,2.3729409343002015,1.0791074894503603,3.170589850381205,5.686156806426911,3.65141037360434,3.558347588960647,4.677598672115394,2.0879044779795852,4.748208722224897,99.56396825512333,4.621177896568616,5.867072475214266,5.011422614796918,2.6491227949071448,3.3954847751951576,0.26171933957541244
5.089466005107618,4.8255171774549215,4.848792620649753,2.074265030407485,3.8496314421394473,3.2627224274790683,1.5792835394684874,4.837172926256435,3.001424104569317,2.438694241420434,3.7206728609975332,2.563940289333959,1.8092745432639483,4.8008295480652405,4.710565047746854,3.483387589789028,4.230049502141121,4.7975076549643205,9.350302247293266,3.0893488714132324,4.516403872724774,47.44436039486401,2.889948096889903,4.836303393638243,2.7405190663992425,4.8688070822090115,3.966370968262361,1.000000000055151
1.76771599761517,3.803534509472131,3.128037411801005,4.693476029671002,1.1898944137863747,3.080377395094137,4.114486249791641,2.2527259208409967,2.5063206921585777,2.7162760726023816,4.225210180870241,3.855189104875408,2.066337093028295,3.321215502176476,4.259359129416677,4.657407894002746,4.320981155910699,1.2487075324867378,8.870554303246124,3.0168148061668516,4.6265270922487485,247.31485824913497,4.980089625007391,4.979831947959342,5.857508067672011,1.3364878179019564,4.430073999137099,0.4474056756235088
3.464210558992694,2.500497731711931,4.159387650227295,1.873209627402391,1.1167365153085553,2.245579540876008,5.700103318967099,1.6294024324085274,3.2865204595887003,1.5860276849997121,4.647667669661713,3.098433455360924,1.329690901517361,4.8842429915702255,3.1631847535084026,5.420932572266875,3.7438640952601867,3.8445609143891883,5.409329877664164,3.89230223210569,4.315685244681164,88.29873470096611,4.107992929610423,1.8008868696082228,4.941299502170156,3.1379443441894126,3.9266528152907982,0.11709471929251475
1.4700619254413736,3.7264280445505515,1.6037746835971125,2.6636788024374183,3.832514098167789,2.950396925523709,4.843135859491662,3.1307816913013347,3.1794213154752304,4.7213394944308416,4.688318696304801,1.7137466409648923,3.9842414924462624,4.027612467603383,3.0913172730399663,4.447538139268094,4.322532005931899,4.622976881927356,8.959926656677798,3.4226849399841655,4.661404110784392,258.8610076051028,4.191483960835206,5.159581815203269,3.274661711807391,1.0280206490533121,2.3933139628508666,0.089558016676768257
2.0715490264236576,2.540547353192727,4.676253917393972,4.082787233403567,3.6581866556997533,2.5171819182521253,2.5444038976887278,2.758594925067068,2.5335283818315117,2.347705148391658,4.651541314785196,4.885617187411933,4.980433151084823,4.053179644435254,3.914664287697135,5.53933497587062,4.238552342294096,1.8245033970842943,8.699302907815365,3.612005994385764,3.0349915099986853,407.15843171168416,2.359163160145881,2.1908897905502207,2.860373595857362,3.974725018979284,2.282757610846674,0.44740567640490364
1.7651178779917212,1.6375588951032927,2.747145047701804,3.4167073711829627,4.697040398527262,3.8411208158746,4.714202920835269,3.3762958169652157,2.9819632741081747,2.848982916227882,1.5194411050744323,3.615888575957157,3.647707824037602,4.404938516645073,4.036136652866617,5.789946904558841,3.313930398784351,2.496646796997623,9.535951581945755,1.4321881398844032,4.730016761349009,318.15932086003517,2.3867397696156383,5.453654905145999,5.107420910039826,1.1951681255118451,3.024146201976899,0.023439065154547474
4.925433942270619,3.6111300937742064,1.6054170143586641,4.5642035108061805,4.284362328702809,3.9904431630477375,5.2705904254884635,3.1889828744139357,3.5624848164620797,3.336271739006298,4.884915484956719,3.3127859699326123,4.765998006901306,4.211904344769775,2.571512758075691,3.864946763416542,3.0516043028472466,1.1262371829472713,3.351076765496032,1.132028704375554,3.6747322849068835,144.3310861956189,1.2594586268239323,4.266696654571364,2.656999364604113,4.864215989698263,4.716406223123077,0.76483399038124844
5.826217886306629,2.176903271332299,5.786739875288863,5.821612273098927,3.8497837113206907,4.469706475994879,3.7556911546244045,4.945664957433872,2.796578361492317,2.374201275348575,2.2368755229065767,3.044141630539448,1.1458104491195593,4.1216098670068,3.550605263071692,4.656885907814734,3.2623367471764926,4.002927297314171,9.291164669177052,2.910533978645459,4.571561247258449,182.99115394326944,2.3929474960313586,2.756353175427965,5.944640566473966,1.686690085734584,4.202977384564622,0.76483395986061042
2.4553465788572635,4.750713994713311,3.8991082406867448,5.97066484950732,2.8072667875114763,3.5768175356182685,4.681364028726298,3.1404745312509466,3.1293849283812243,4.927184095492476,3.250191572796916,3.3755711756263214,2.2868991573343487,4.034525585974003,4.742527882023998,5.024454594980639,3.0471848365517182,4.56653223529966,7.222409762057685,3.6065028984518976,4.635057909737189,125.79908484128451,2.96286099475907,5.1910594294532935,4.764498242774289,2.6433227156683725,4.496931679648899,1.0000000000000919
5.930325782083298,2.150233172925468,4.901366197488816,4.9663501167093,2.9592386660485626,4.734992482903319,2.5329374018746034,1.869488610795111,2.071846456014973,3.165192707336303,1.7916491732899518,1.446693766841217,3.283466465983589,4.163178050277829,2.8251063602795554,5.227065894007149,4.7558991720061545,1.1237482910462626,9.210276513627626,2.853100956399136,3.1466017446468846,173.81248305499355,3.073315767098729,4.720546017765101,2.1619596547719486,1.4724936183492061,3.830072976896894,0.0080206455553763056
3.893742916117781,1.7516924298015693,2.9435138162271186,4.831136393943427,2.626389941978416,3.325577719034662,3.1625106056086296,2.587957541809444,3.1834658779081146,3.141372835068868,1.8715158631871547,4.528819897969623,1.3970949940079804,4.724522466521711,4.909062684460058,5.6120747605056325,4.285207723214435,1.1279972715621147,6.226646198440365,1.5928668399326673,4.468867347534158,220.74308717132664,3.305814941954194,2.9604297486540534,4.569213156178867,2.64466896907481,4.387179049517789,0.052388856104681789
5.631381039251805,4.5537210498029905,3.4652422432951404,5.71529359059031,2.315195408738508,4.387467114353603,2.4547426734799234,4.9024622876886355,2.2825635515702123,3.8041477414880704,2.0132652821502313,3.3079191855081405,3.736807473724771,4.295535704954691,2.4877652966032198,5.738237732257664,4.605802788019456,4.950532465506086,5.644817580605297,2.7329350922975197,4.156189034450844,70.07185116998332,4.181569088603872,2.534138713235029,4.893960107993944,2.781470440475162,3.681589024604993,1.0000000000167737
4.42047411779968,3.2100891739675697,1.3872034820198311,3.975713197545353,2.887088331811565,4.972412449556001,5.8222333157373685,3.751086296741788,3.037334001102473,4.50497848845453,4.012786319821629,4.586182267534863,3.0284586518510506,3.754785522787384,4.940889548775592,5.236675952754922,3.692907845395562,4.454692649105101,9.521905128563036,1.0226645321735797,3.0166449597196414,381.623463084871,1.4185574705528587,4.186235824307021,4.723478405068663,4.316818580564604,3.5785604968415927,0.26171933927536817
3.8441213896875146,4.25878963638308,3.6340403379880555,1.8802506055582626,4.178038718954612,3.100120178069797,3.5609687588303975,2.286367610316477,2.5687050922470878,3.8007375269584047,2.6004521800558043,4.890016764262831,2.018817338617778,4.645771804912485,3.873102617202963,4.746356230367097,4.050010703552662,2.191121583356768,9.024622400252682,3.8989279462221544,4.860396357386958,291.9126590200388,2.0518158833223628,2.7889695365128895,4.541388639244478,4.016071797584228,3.429686868625787,0.58497098604150888
1.3690876486198647,4.762927971586199,5.242772400705926,3.627929224049648,1.795949975900121,4.722509058555094,3.875853217487842,3.904038021716936,3.594665354478291,1.0469542263628178,3.241987756957531,1.1689787903377469,3.341328120069354,2.9516792657690125,2.849624785213123,4.922886591339166,4.546036914110828,3.722951090077184,3.3662379842040155,2.7772736547436967,3.350674719597942,405.684486702126,4.691159171223513,1.2773080167691178,3.0442681551534174,4.9876718439109755,2.995360163450262,1.0
4.109642004598454,3.7351629224237044,3.117855264859157,4.998853172788633,1.803260655140356,2.3435368950288558,3.7112618227536562,2.5568745277765883,2.7989817051840964,2.6686098825816207,2.434542866161263,2.1683708767942975,3.1111293193431373,3.8657891453954973,4.880464752989355,3.88089667232253,3.788858726127444,3.9190239779143083,3.3756360145999063,2.834559593819103,3.4583525693945925,307.0112272745162,3.8459791390977376,2.3148210779264846,4.925581450953557,1.5853589486195898,2.2365562101170258,0.58497098604144127
3.7413136453225926,1.7835926780532518,2.4640456410595233,3.9147127867679137,1.6704586939741173,3.4959855170719596,4.048801698332387,3.3521414098640716,2.4444084972787463,4.257500754820626,2.0784578986763007,1.9105346946999378,1.854270271679809,3.966330656536599,4.544393193208756,4.797731040450774,4.769706466711064,4.118027284715859,8.199146327074628,3.159322593458543,3.191514697211236,133.9297217592767,3.660244950956264,3.5130183536175354,4.701575808566112,4.581366710312354,2.531824415467747,0.023439073338462395
3.5881262506821874,3.7454368962933553,5.216906169019973,1.9205677015361535,3.65300836100309,2.111399526501329,2.3867901284199586,3.27186733014719,3.570460268757461,4.091745644053402,1.5192247049058452,3.145484887663385,1.6433066578264794,4.677155407971634,4.256773733555738,5.585640745803522,3.7702593455919247,2.1150603906869523,6.585831341148722,1.4566285083853323,4.649580806020881,231.15062243845063,1.4085039821388068,1.800531329425802,5.446885151279261,2.641763963697129,4.808985536539269,0.26171933922432611
3.811295744414655,2.459491933048342,1.5225905430882434,3.812432047149138,1.855452214797444,2.947434528642734,5.561828508080995,4.814877026759819,3.907081804314519,2.103415161528986,2.8366992911650715,2.980958257254198,1.6634580696713837,4.968590039547592,2.277836732511622,3.166690298809781,4.181177143453862,4.007138653331106,8.31112965476697,3.1822995299308596,3.3429765168848924,187.08046855577717,4.691063436805797,1.4055612899012844,3.986303711985749,2.502290778028446,4.421645687152747,0.34219105469467409
1.1845157837544709,2.1120724145217578,2.3733929921535943,3.473515751099189,2.064070104350285,2.7039045648779014,4.2396150949622715,1.9124677988555967,3.0125383005994735,3.6600475302794737,4.427497096748243,1.9756724976935094,3.503300954064388,1.8148986761168198,2.026859772127075,3.3481080631363733,3.2527405179333018,4.706114700755039,6.948399479743296,1.8387041914805624,3.4249603433222626,294.87025101575784,3.8675491357344627,1.999340886743627,5.862873866448387,3.8046466752925094,4.432559623928054,0.068497012524104423
3.851970017305414,3.422871606193399,4.917818721550342,5.197321561015156,2.061049468442006,4.118119321013193,4.549260432877526,4.587942022639298,2.10210047918651,1.0026401468755979,2.8801732841965735,1.9075338717015504,2.5115421878773097,2.5375939658715323,2.259521735052537,5.145166476710249,3.1975563729008933,2.7667646165308923,6.172778010598312,1.0147973374319137,4.19081828081374,344.58556686857656,2.3650161203130087,5.9863600502802665,3.8485975638743013,1.1201661051068719,3.5431997731499116,0.20017183857142945
4.526552909168429,4.3852987578878,2.7005401078492866,2.0202838354066994,4.866518730593393,2.895949710739136,3.5353757911148294,2.2869579525871475,2.9096875533281388,3.596527073176001,2.3549841537145455,2.5966712612983036,4.84331597691026,2.5810955177492336,2.0314451707510353,3.4978480362160127,3.7761039698608365,4.126368617122887,8.485236480457102,2.779511168691355,4.255811077965763,69.64439613194338,2.8796763892356205,5.208561532107641,5.8799367148070445,2.980229341489242,3.300379118365493,0.58497098604145603
1.5083073344650402,1.9386760924895525,2.844931363572424,5.080965790091499,2.5454988074766054,2.08384543058262,1.7381389051375742,1.2136738733168309,3.558233187191707,1.0625601009867567,4.17304602573801,1.846879869442387,2.4302687735025703,1.0835685833820174,4.535643564503147,5.037915135189509,3.8034566854701213,2.3539980985284488,4.808566559007429,2.781513924562553,3.4753414693663514,242.39788099678807,1.4069004774402702,1.0540073262442364,4.681708070061855,4.353625776572611,3.0620648124713705,0.0020991562760108995
2.9094389039816577,2.5486524045930783,4.191548729099297,5.44328556219714,4.880661703277722,3.382362100763521,5.687827675927595,4.974211873611977,2.46909368879453,2.8796524710018674,4.068766851003311,4.426803975414378,3.773782857778203,2.3121377783105457,3.2777625175891285,5.831967886880691,3.264307225372625,3.5688599116210815,7.161330484519269,1.973745712975799,4.518213423506732,19.419407986796543,2.1132299219220716,2.958512762494485,4.876789714798033,3.818838288806276,3.31062069583106,1.0000015985464608
4.140862573697781,4.63423069900702,2.775530736055985,3.5297911149537198,3.8225194261475792,2.6755725643746513,1.7324846470409108,3.4010014897235643,3.8633605285066257,1.9747508261123592,2.9731517417318853,2.4532548981707207,3.851803652660831,1.2812206776198454,4.241886176466279,4.804879458521631,4.162622735940141,4.160563340277784,3.4016555364540566,3.212005881877779,4.298036792922332,116.31653557357288,3.4316344742493596,3.6837843379969457,5.894168712150666,3.15909166370929,4.154689963194834,1.0000000000000036
5.481926862824281,3.0453190588020305,2.68056895540261,4.518624167975476,3.0381899302443145,3.365000400419113,1.1704192003489173,3.7187322429622234,3.0227178762634255,3.9945911575467727,4.758395865430728,2.409172914062023,1.0520123229992087,2.804901720629647,4.493550461585251,4.409973384157123,4.872792211297192,3.990466581257933,9.294630583762414,1.1155522348064566,3.230580877110677,183.86602216960404,3.347505335105375,5.4162191638572645,4.861530919178474,2.2592318628474692,2.488614228503968,1.0000000000033546
3.435237602454508,1.4196206360953112,3.627815205604367,3.9105045432982846,4.102783407974104,3.250070800044024,1.954435209722816,3.9734483538465755,3.135114300391199,2.0013135820478847,1.0692922818613209,3.706684806237159,1.2975424380752756,2.957979280629744,2.4954103261278386,4.959293570438803,4.301145452084448,3.826850461414185,3.8970837373245413,1.082978056384952,4.5509242301349815,353.92327015891107,3.7479056503982164,1.8816443792353257,5.625139633033941,2.972525632460493,2.419030039637196,0.023439064946828982
5.250459954080304,3.4150961461137213,3.622580242528117,3.4919800409909874,3.4122631158500987,2.9228788804345225,4.007195340413257,3.1700123675100613,2.423060628298349,4.037994040581549,4.677739194010634,1.560795551071159,2.1050888694462944,3.9909626183987625,3.152105983820632,3.6334106026789224,4.836007684011467,1.4068443626685463,7.920450996326344,3.776358681055586,4.9669344253170316,150.72782446304507,1.2797933077912078,3.813418337596638,5.227775624552175,1.5245441812405671,3.6432846669532983,0.20017183858035717
3.1429047072848313,2.9061699833367416,2.3581583040643093,1.2267634830246945,3.5071612329942883,4.292451416662191,2.5655009042490358,2.0213132470186186,2.27901444974162,3.9221101546293737,3.4980568898630766,3.410803484252322,1.5134641567500258,2.572115423106396,2.198070538527819,4.3328390034119995,4.350495869674764,4.522778257340841,6.2849449459283235,3.778018429950235,4.305659022060596,352.9261710016823,4.383926762835503,2.5273297658010194,2.415958530030764,3.5154175211157614,2.2087147899833437,0.34219105456944277
2.5894819612809314,2.5708251919061853,2.647710561927493,4.5194435858619855,1.931843810195737,4.952341838510897,4.776802016514528,1.4938630924401184,3.17324481137088,3.041639464199466,2.303800817086424,1.4501467692002201,4.394338721999528,3.6956910968718395,3.933846366178467,4.797095796275162,4.887442838986103,4.260185606701764,5.415684210316456,3.3186969626572034,4.560456541757509,403.9727943883634,4.3198020934042365,3.6821157365930075,5.063087632127566,4.346172457356801,3.044800228473627,0.040068764964413556
3.512730999052541,4.19843733550786,1.0241528288739006,2.51664961828869,3.3063414034842444,2.761480451178966,2.654135636019822,3.5277882780248966,3.824336702422862,2.5558015499658278,3.450611540094037,2.54163318650707,4.682825792323161,2.724350938830083,2.810489770430054,3.2234252752476262,3.1442433154977305,1.3175623936210163,5.7676486116778936,1.7087447367750355,3.515795167495702,34.23694296079694,2.2361622209486627,5.968777250560413,3.045634506533495,1.184057449097689,2.570970213592646,0.34219105470790601
1.4755676321558755,3.0206192869427624,1.8971373778395382,3.8605626144629372,3.8360098822840465,3.077554494560303,5.570636684107993,1.2742317363672169,2.881435904146879,4.3582119622466795,2.1229665947980063,1.4218433922773208,2.815617658822122,4.748455917513084,2.0991634117745925,5.001494490049089,4.001771365393669,3.0425652098186764,7.005104362698663,3.548830795779776,4.545910032380534,346.40687596083535,1.743765097924399,5.802150055284673,5.220776883344039,4.446569470351989,2.547390232862337,0.068497012537171706
1.685057190850344,1.0510602919980387,5.258492237113497,4.830296671773733,2.068905746479605,2.926604889577758,4.496361334087161,1.6382061347743901,3.662901995617525,4.2490856782198545,3.675970949707067,3.796488836402768,1.2013904087866298,1.396149837611468,2.0956924330512834,5.6718136319778605,3.540954352307905,2.615400484379472,4.128335067093431,1.7790951519203855,4.398528538092698,275.5969383633765,1.8045137634050077,1.808578924568835,4.604613305518747,3.5017182514593865,4.857613865666847,0.010486770691471109
2.535685883218348,2.4094640588528735,3.6562583348433755,2.1604720777277766,1.0507613461210483,2.383726870834361,4.408013640323473,2.43629748895364,3.0255853505300268,2.438783435097479,3.647509825160101,2.4604833218770508,4.043984513693905,1.8868455428549664,4.743039834784142,3.4827869022510094,4.846414328413482,2.4699812679292417,6.464581345602032,1.0391603613578306,4.341852101623131,334.98815293271645,3.255644565217113,3.732016246044279,2.237174400415456,1.5844924988336904,4.638040261998654,0.068497012524025777
1.9464414567561437,2.6630118771833216,4.088615093646157,5.121389691408151,4.109400087360985,4.164616116331072,1.2893270248191604,3.8571946362393663,2.851361583469973,4.315287789797829,2.158961496514503,4.687524178312932,1.639472357403625,2.654200678322867,3.414561622735312,3.5637050574895213,3.373359070139119,2.652838195977061,6.298987290689292,1.502482297142551,4.774896096004685,24.217718361292132,3.959645668425952,1.4322205782179422,5.206424388029248,1.8281313603035425,3.8222007240694347,0.76484082854671664
4.220849385726863,1.7526190922035325,1.4278811316535296,2.078049420993241,1.4836796217825459,3.441436077749996,5.702254132707613,2.2597104303560114,3.296522634368646,3.3431640129655853,3.091270489652579,4.800016504448777,1.235010814498732,3.0253236725885837,3.986941061442676,4.747316320746892,3.584660322606205,1.7655817025106262,8.510717619620653,2.3930043386786934,4.32387441170483,58.86970769588497,3.0263790903534526,4.254824722904197,2.565167054040495,4.832704831673313,3.7648869992784717,0.20018711238927886
2.9016657980983083,1.2963079738601238,5.392558808878722,5.114377219920336,2.683597125600992,2.3098503578460035,2.9771381653542788,2.2357098126958252,3.5041385766118354,2.203154924540214,2.566362738382679,1.878948566357979,2.9476211344922176,4.934041482730954,4.119928018055899,4.262906262959704,3.545119562147253,1.5277035222016218,9.55584244681566,2.150878316392401,3.2707298680392665,380.0385935973303,1.1562114310329963,3.943461040618431,2.296036635464751,3.8925438039068623,3.568250584441552,0.0035884793483848773
5.268860065140602,3.0160406892011817,4.4614067863028914,1.9557381527899818,1.0487887274869938,2.6022848871316557,4.154152675822393,2.0606825221698295,2.3112192962398583,3.7089982525334415,2.3895275652524415,2.324037631805851,4.204833817031617,2.069884493985384,3.951809242743753,3.7825876375231586,3.4524495958785533,1.9922698623018897,8.773795905482073,3.5632243967077692,4.0097698949554115,320.7803959360256,1.5215884584952595,2.1199325289041218,3.6703940414600327,4.179979752794997,3.0256524859150735,0.58497098604148434
3.6335844487262072,2.889650828246359,5.6408581823746555,2.9512980665701747,3.160202413439584,2.7628413549197743,2.0597931936672285,3.813104437153266,3.3921864495860827,2.697214461584791,2.017653913202109,3.1089261287259706,4.610469293864835,2.327745142597361,2.8714040757385577,4.191308348149896,4.056925429033867,2.3390172294465055,3.0596012242817823,2.014226856787344,3.3913836059403777,316.6982976989794,2.8578407666921604,4.9828659770637955,3.555969471151635,3.177912721659753,2.8999658614566513,0.5849709860414235
1.5471230962131495,2.515225625098529,3.8404204905982553,2.474160860236256,2.799177928155528,4.107703247236383,2.425210260055143,1.5670835597512185,2.9339338139610227,3.7611003285464135,2.2343306296768497,3.6584186096827382,2.667724502469128,4.468643581102438,2.166037880513403,3.1747753672471046,4.08840547702436,1.1495327263684625,7.3792797279853914,2.4474400259009697,3.0000293452417894,265.7321104191822,3.4267907042127943,3.7436557486125794,3.9574580196767313,3.993790296722774,4.32183715162477,0.20017183857856177
4.685940374295345,1.8165948650814605,3.126488493854966,3.3376141060158058,3.144867114021527,4.299623092365692,1.6820124940590215,3.5485029787899656,3.336347715824807,3.2843674541140753,2.559956327874979,1.3899939433006576,2.5807316929075474,1.782271304096096,3.807704125140374,3.0819835640271025,3.4839027618098415,4.8744630588120295,6.711226954467089,1.9042536955837077,4.208976166557586,220.4091784799747,2.013565388291547,4.001522828606032,5.948307096888229,1.5632215355837769,2.6800896849817386,0.0080206383510863805
1.8856943055186939,3.836218382685513,5.460033328438739,4.463445061426032,2.0623895125011393,4.740666906302532,1.4896662694279836,3.8467523462068565,3.3248670103904,1.8430950112290065,4.020393880735081,3.561550433528144,4.755363870216497,4.586914569541797,3.912477121721122,3.564615979051821,4.965714291076217,2.1438341171660715,7.066521370137158,1.4472572740076282,4.916531212887184,189.0750015756027,2.7127969226104964,5.515084389270879,2.9521100027790625,1.8104544655959969,4.131356157581435,1.000000000020671
1.5346037631930955,3.319160544372664,3.293151138988041,1.2237407197482078,1.8477978669233246,4.480533366100981,4.224749076041331,4.235632308706705,2.652649064446708,1.88263368728995,3.8415389862412375,2.031715768211729,1.6858058744891897,1.8167816701217196,3.2633476140704487,5.824444445576265,3.2320234379853963,1.3909155117161869,5.531031796927412,2.3716726283744944,3.615877303771979,357.6953663404647,4.400572132563241,1.5122724010917923,4.537485328167329,1.7556161497399598,3.467728148258839,0.34219105451027437
3.8387321864349953,3.0616102744013025,1.323948556268393,5.60402219994163,4.412627626337379,2.0783412411347357,5.035731425010109,3.5370261858861314,3.897524257656822,2.952575092886297,3.6023059049173796,1.7583925705835184,3.3618970767930616,1.9580792667577431,4.486475790729672,4.966251699988846,4.599895555021432,3.7426722444625775,3.0491997681574103,2.1245308976542066,4.056125873690077,265.3125047966766,2.0414912182424447,2.1397472792203507,2.7074062954719063,3.45717513530554,4.290446118453256,0.20017183857146251
4.876114753116358,2.050977507096278,3.820062064238302,2.7358328636642533,4.482321815132261,4.12805023947258,2.027632983119588,1.8119211075596908,3.597016800018771,2.1170031436395793,2.5949959342856714,2.8266759921579316,4.7997246153535205,1.323820730120015,2.043241688561887,3.641252746518631,4.369021158509028,3.5168238562394807,4.840948500421214,2.8727029528317156,4.29980798785055,170.04013177634576,3.1330349649383087,5.638854091337,2.6433341202265104,1.3572839765788438,3.4545397391170836,0.023439065298940763
