$HAVE_CRYPTO,$HAVE_HASH,$HAVE_REPLICATION,$HAVE_VERIFY,$HAVE_SEQUENCE,$HAVE_STATISTICS,$DIAGNOSTIC,$PAGESIZE,$PS1K,$PS4K,$PS8K,$PS16K,$PS32K,$CACHESIZE,$CS32MB,$CS16MB,$CS64MB,$CS512MB,$<Performance
1,1,0,0,1,1,1,1,0,0,0,0,1,1,1,0,0,0,38.8794
1,1,0,0,1,1,1,1,0,0,0,1,0,1,0,0,0,1,21.1973
1,1,0,1,0,1,0,1,0,0,0,1,0,1,0,0,0,1,21.2602
1,1,1,0,0,1,0,1,0,0,0,1,0,1,1,0,0,0,21.3178
1,0,0,1,1,0,1,1,0,1,0,0,0,1,0,0,0,1,6.5194
0,0,1,0,1,1,0,1,0,0,1,0,0,1,1,0,0,0,0.5019
0,0,1,1,1,1,1,1,1,0,0,0,0,1,1,0,0,0,0.5833
1,0,0,1,1,1,0,1,0,1,0,0,0,1,0,1,0,0,6.5204
0,1,0,0,0,0,0,1,1,0,0,0,0,1,0,0,1,0,0.3621
0,0,0,1,0,1,0,1,0,0,1,0,0,1,0,0,1,0,0.4997
1,0,0,0,1,1,0,1,0,0,1,0,0,1,0,0,1,0,10.7560
0,1,1,0,1,1,1,1,1,0,0,0,0,1,0,1,0,0,0.3936
0,0,1,1,0,1,0,1,1,0,0,0,0,1,0,0,0,1,0.5128
0,1,0,1,0,1,1,1,0,0,0,0,1,1,0,0,0,1,2.1585
0,1,0,0,0,1,1,1,0,1,0,0,0,1,0,1,0,0,0.5283
0,0,1,1,1,1,0,1,0,1,0,0,0,1,0,0,1,0,0.4429
1,1,0,0,1,0,1,1,1,0,0,0,0,1,0,0,1,0,2.0700
1,1,1,1,0,0,0,1,0,0,1,0,0,1,0,0,0,1,10.9054
1,0,1,1,0,0,0,1,0,0,0,0,1,1,0,1,0,0,37.8427
1,1,1,0,1,1,1,1,1,0,0,0,0,1,1,0,0,0,2.0851
1,1,1,0,0,0,0,1,0,0,0,0,1,1,1,0,0,0,39.0525
0,0,1,0,1,1,1,1,0,0,0,0,1,1,0,0,1,0,0.9158
0,0,0,1,0,1,1,1,0,0,1,0,0,1,0,1,0,0,0.5215
1,0,1,0,0,1,0,1,0,0,0,0,1,1,1,0,0,0,37.7630
1,1,1,0,0,0,0,1,1,0,0,0,0,1,1,0,0,0,2.0421
1,1,0,1,1,1,1,1,0,0,1,0,0,1,0,0,1,0,10.9227
1,0,1,0,0,1,0,1,0,0,0,0,1,1,0,1,0,0,37.7616
0,1,0,1,1,0,1,1,0,0,0,0,1,1,0,0,1,0,2.1513
1,0,0,1,1,1,1,1,1,0,0,0,0,1,0,0,0,1,3.2929
1,0,0,0,0,1,0,1,0,0,0,0,1,1,0,1,0,0,37.7323
0,1,1,1,0,1,0,1,0,0,0,0,1,1,1,0,0,0,2.1050
1,0,1,1,1,0,0,1,0,0,1,0,0,1,0,0,1,0,10.7588
0,1,1,1,1,0,1,1,0,0,0,0,1,1,0,0,1,0,2.1564
0,0,1,0,0,1,1,1,1,0,0,0,0,1,1,0,0,0,0.5738
0,1,1,0,1,0,1,1,0,0,0,0,1,1,0,0,0,1,2.1371
1,0,0,0,1,1,1,1,0,0,0,0,1,1,0,0,1,0,37.7220
0,0,1,0,0,1,1,1,1,0,0,0,0,1,0,0,1,0,0.5738
0,0,1,0,1,1,0,1,0,0,1,0,0,1,0,1,0,0,0.5038
0,0,0,1,0,0,1,1,1,0,0,0,0,1,0,0,1,0,0.5813
1,1,1,0,0,0,1,1,0,1,0,0,0,1,0,1,0,0,5.8404
1,0,0,1,1,1,0,1,0,0,0,1,0,1,1,0,0,0,19.9736
0,0,0,1,0,1,1,1,0,0,0,1,0,1,0,0,0,1,0.6448
1,1,0,1,0,0,1,1,0,0,0,1,0,1,0,0,0,1,21.2668
0,0,0,1,0,0,1,1,0,1,0,0,0,1,1,0,0,0,0.4757
1,1,1,0,1,0,1,1,1,0,0,0,0,1,0,0,1,0,2.0754
0,1,0,0,0,1,1,1,0,0,0,1,0,1,0,1,0,0,1.2585
0,1,1,0,1,0,1,1,0,0,0,1,0,1,1,0,0,0,1.3090
1,0,0,1,0,0,0,1,0,0,0,0,1,1,1,0,0,0,37.7470
1,0,1,1,0,1,0,1,0,0,0,1,0,1,1,0,0,0,20.0097
0,1,1,0,1,0,0,1,0,1,0,0,0,1,1,0,0,0,0.5041
0,0,1,1,0,1,0,1,1,0,0,0,0,1,0,1,0,0,0.5128
1,1,0,0,0,0,1,1,1,0,0,0,0,1,0,1,0,0,2.0806
1,0,1,0,0,1,1,1,0,1,0,0,0,1,0,1,0,0,6.5345
0,0,0,0,1,0,0,1,0,0,0,0,1,1,0,0,0,1,0.9184
0,0,1,1,0,0,1,1,0,1,0,0,0,1,0,0,1,0,0.4728
1,0,0,0,1,1,0,1,1,0,0,0,0,1,0,0,0,1,3.2390
0,1,1,0,1,0,0,1,1,0,0,0,0,1,0,0,0,1,0.3631
1,0,1,0,0,1,1,1,0,1,0,0,0,1,1,0,0,0,6.5289
0,0,1,0,0,0,1,1,0,0,0,0,1,1,0,1,0,0,0.9428
1,1,1,0,0,1,1,1,0,1,0,0,0,1,1,0,0,0,5.8643
0,1,1,1,0,1,1,1,1,0,0,0,0,1,0,0,0,1,0.3918
1,1,0,1,1,1,0,1,1,0,0,0,0,1,1,0,0,0,2.0237
0,1,1,1,1,1,0,1,0,1,0,0,0,1,0,0,0,1,0.5213
1,0,1,0,1,1,0,1,0,1,0,0,0,1,0,0,0,1,6.5193
1,1,0,0,1,0,0,1,0,1,0,0,0,1,0,0,1,0,5.8444
1,0,1,1,1,1,0,1,0,0,0,1,0,1,0,0,0,1,19.9742
0,1,1,1,0,0,0,1,0,0,0,0,1,1,0,0,1,0,2.3977
1,1,1,0,1,0,0,1,0,0,0,1,0,1,0,0,1,0,21.2740
0,0,1,1,1,0,1,1,1,0,0,0,0,1,0,0,1,0,0.5770
1,1,1,1,0,0,0,1,0,0,0,0,1,1,0,1,0,0,38.9832
1,1,0,0,1,0,0,1,0,1,0,0,0,1,1,0,0,0,5.8306
0,0,0,1,0,1,1,1,0,0,1,0,0,1,0,0,0,1,0.5202
0,1,0,1,0,1,1,1,0,0,0,1,0,1,0,0,0,1,1.2756
0,0,0,1,1,1,1,1,0,0,0,1,0,1,0,0,1,0,0.6454
0,0,0,1,0,1,1,1,1,0,0,0,0,1,0,0,0,1,0.5742
1,0,1,1,0,1,0,1,0,0,0,1,0,1,0,0,1,0,20.0188
0,1,0,1,0,1,0,1,0,1,0,0,0,1,0,1,0,0,0.5155
1,0,1,1,0,0,1,1,0,0,1,0,0,1,1,0,0,0,10.7266
1,0,1,1,1,1,1,1,1,0,0,0,0,1,0,1,0,0,3.2846
0,1,1,0,1,1,1,1,0,0,0,0,1,1,0,0,0,1,2.1604
1,0,1,1,0,1,0,1,0,0,0,1,0,1,0,1,0,0,19.9962
1,1,0,0,0,1,0,1,0,1,0,0,0,1,0,0,0,1,5.8223
0,1,1,0,1,1,1,1,0,0,0,1,0,1,0,0,0,1,1.2546
0,1,0,0,1,1,1,1,1,0,0,0,0,1,0,1,0,0,0.3869
1,1,0,1,1,1,1,1,0,1,0,0,0,1,0,0,1,0,5.8416
0,0,0,0,0,0,1,1,0,0,0,1,0,1,0,0,1,0,0.6334
1,1,1,1,0,1,0,1,0,0,0,1,0,1,0,1,0,0,21.2389
1,1,1,1,1,1,0,1,0,0,1,0,0,1,0,0,1,0,10.9202
0,0,0,0,0,0,1,1,0,1,0,0,0,1,1,0,0,0,0.4644
1,1,0,0,0,1,1,1,0,0,0,1,0,1,1,0,0,0,21.2006
0,1,0,1,1,1,1,1,0,0,0,0,1,1,1,0,0,0,2.1464
0,0,1,0,0,1,1,1,0,0,0,0,1,1,0,1,0,0,0.9166
0,1,1,1,0,1,1,1,0,1,0,0,0,1,0,0,0,1,0.5271
0,0,0,0,0,0,0,1,0,0,0,1,0,1,0,0,0,1,0.6174
0,1,1,1,0,1,0,1,1,0,0,0,0,1,1,0,0,0,0.3653
0,0,1,1,0,1,1,1,0,0,0,1,0,1,0,0,0,1,0.6533
0,1,1,0,1,0,0,1,0,0,0,0,1,1,0,0,0,1,2.4023
0,0,1,0,0,1,0,1,0,1,0,0,0,1,0,0,0,1,0.4581
0,1,0,1,0,1,1,1,0,0,1,0,0,1,0,0,0,1,0.7569
1,0,0,1,0,0,0,1,0,0,0,1,0,1,1,0,0,0,20.0065
1,1,1,1,0,1,1,1,1,0,0,0,0,1,0,1,0,0,2.0726
1,0,0,1,0,0,1,1,0,1,0,0,0,1,1,0,0,0,6.5330
1,0,1,0,1,0,0,1,0,0,0,1,0,1,0,1,0,0,20.0028
1,0,0,0,0,0,1,1,0,1,0,0,0,1,0,0,0,1,6.5427
0,0,0,0,0,0,1,1,1,0,0,0,0,1,1,0,0,0,0.5731
0,0,1,1,1,1,0,1,0,0,0,0,1,1,1,0,0,0,0.9179
1,0,1,1,1,1,1,1,1,0,0,0,0,1,0,0,1,0,3.2809
1,1,1,1,1,1,1,1,0,0,0,1,0,1,0,0,0,1,21.1879
1,0,0,1,0,0,1,1,0,0,0,0,1,1,1,0,0,0,37.6859
0,0,1,0,0,1,1,1,0,0,1,0,0,1,0,0,0,1,0.5180
0,1,0,0,0,0,0,1,0,0,0,1,0,1,0,1,0,0,1.2569
1,1,0,0,0,0,0,1,0,0,0,1,0,1,0,1,0,0,21.2565
0,0,1,1,0,0,0,1,0,0,0,1,0,1,0,1,0,0,0.6306
1,1,1,0,1,0,0,1,1,0,0,0,0,1,1,0,0,0,2.0364
0,1,1,1,0,1,0,1,0,0,0,1,0,1,0,0,0,1,1.2587
0,1,0,0,1,0,0,1,0,0,1,0,0,1,0,1,0,0,0.7485
1,0,0,1,1,1,1,1,0,0,1,0,0,1,0,1,0,0,10.7420
0,1,1,1,1,1,1,1,0,0,0,0,1,1,0,1,0,0,2.1675
0,1,1,1,1,1,1,1,0,0,0,1,0,1,0,1,0,0,1.2575
0,1,0,0,0,1,0,1,1,0,0,0,0,1,1,0,0,0,0.3605
0,0,1,1,1,0,0,1,0,0,1,0,0,1,0,0,0,1,0.4972
0,1,1,0,0,1,0,1,0,1,0,0,0,1,1,0,0,0,0.5123
0,0,0,0,0,1,0,1,0,1,0,0,0,1,0,0,1,0,0.4533
0,0,0,1,0,0,1,1,0,1,0,0,0,1,0,0,0,1,0.4766
1,1,0,0,1,0,0,1,0,1,0,0,0,1,0,1,0,0,5.8343
0,1,0,0,1,1,1,1,0,0,0,1,0,1,1,0,0,0,1.2633
0,1,0,1,1,1,0,1,1,0,0,0,0,1,0,0,0,1,0.3728
0,0,1,1,1,0,0,1,0,1,0,0,0,1,0,0,0,1,0.4547
1,1,1,1,1,0,0,1,0,0,1,0,0,1,0,1,0,0,10.9390
0,0,1,0,1,0,0,1,0,1,0,0,0,1,0,1,0,0,0.4435
1,1,0,0,1,1,0,1,0,0,0,1,0,1,1,0,0,0,21.2577
0,0,1,0,0,0,0,1,0,0,0,1,0,1,0,1,0,0,0.6315
0,1,0,0,0,0,1,1,0,0,0,1,0,1,0,1,0,0,1.3076
0,0,0,0,1,0,1,1,0,0,1,0,0,1,1,0,0,0,0.5065
1,0,1,1,1,0,1,1,0,1,0,0,0,1,0,0,1,0,6.5083
0,1,0,0,0,1,0,1,0,0,1,0,0,1,0,0,1,0,0.7326
0,0,1,1,0,0,0,1,0,0,1,0,0,1,0,0,0,1,0.4991
1,1,0,0,1,1,1,1,0,0,0,1,0,1,0,1,0,0,21.2105
0,1,0,1,0,0,1,1,0,0,0,1,0,1,1,0,0,0,1.3046
1,0,0,0,1,0,1,1,0,1,0,0,0,1,0,1,0,0,6.5252
1,1,1,1,1,0,0,1,0,0,0,0,1,1,0,0,1,0,39.0009
1,1,1,1,1,1,0,1,0,0,0,0,1,1,0,0,1,0,39.0261
0,0,0,0,1,0,0,1,0,0,0,1,0,1,0,0,0,1,0.6188
1,1,1,1,1,0,1,1,0,0,0,1,0,1,0,0,1,0,21.2309
0,1,0,1,0,0,1,1,0,0,1,0,0,1,1,0,0,0,0.7750
0,1,0,1,1,1,0,1,0,0,0,1,0,1,0,0,0,1,1.2640
1,0,0,0,1,0,1,1,0,0,1,0,0,1,0,0,1,0,10.7185
0,1,1,1,1,1,0,1,0,1,0,0,0,1,0,1,0,0,0.5229
1,0,0,0,0,0,1,1,0,0,0,1,0,1,1,0,0,0,19.9786
1,0,1,1,1,1,0,1,0,0,0,1,0,1,0,1,0,0,19.9735
0,1,1,0,0,1,0,1,1,0,0,0,0,1,0,0,1,0,0.3633
1,1,1,0,1,1,0,1,1,0,0,0,0,1,0,0,0,1,2.0347
1,1,1,0,1,0,1,1,0,1,0,0,0,1,0,1,0,0,5.8622
1,0,1,1,1,1,1,1,0,0,1,0,0,1,0,0,1,0,10.7275
0,1,0,0,0,0,0,1,0,0,0,0,1,1,0,0,0,1,2.3789
1,1,0,1,0,1,1,1,0,1,0,0,0,1,0,0,0,1,5.8563
1,0,1,0,1,1,0,1,1,0,0,0,0,1,0,1,0,0,3.2459
0,1,0,1,1,1,1,1,0,1,0,0,0,1,0,0,1,0,0.5263
0,0,1,1,0,0,1,1,0,0,1,0,0,1,1,0,0,0,0.5153
1,0,1,1,0,1,0,1,0,0,1,0,0,1,0,1,0,0,10.7224
0,0,0,1,1,1,0,1,0,0,0,1,0,1,0,0,0,1,0.6332
0,0,1,1,0,1,0,1,0,1,0,0,0,1,0,1,0,0,0.4480
1,1,1,1,0,1,0,1,0,0,1,0,0,1,0,0,0,1,10.9099
1,1,0,0,0,0,1,1,1,0,0,0,0,1,0,0,0,1,2.0846
1,0,1,0,1,1,0,1,0,1,0,0,0,1,1,0,0,0,6.5342
1,0,1,0,0,0,0,1,0,0,0,1,0,1,0,0,1,0,20.0216
0,1,0,1,0,1,1,1,0,0,1,0,0,1,0,0,1,0,0.7572
1,1,1,0,0,0,1,1,0,0,1,0,0,1,0,0,0,1,10.9276
0,1,1,0,1,1,1,1,0,0,0,0,1,1,0,0,1,0,2.1719
1,0,0,1,0,1,0,1,0,1,0,0,0,1,1,0,0,0,6.5260
1,0,1,0,1,0,1,1,0,0,0,0,1,1,0,1,0,0,37.5861
0,1,0,1,1,0,1,1,0,0,0,0,1,1,0,1,0,0,2.1453
1,0,1,1,1,0,1,1,0,1,0,0,0,1,0,0,0,1,6.5067
1,0,1,0,0,0,0,1,0,0,0,0,1,1,0,0,0,1,37.8179
0,0,1,0,0,0,1,1,0,0,0,1,0,1,0,0,1,0,0.6412
1,1,1,1,1,1,0,1,0,0,1,0,0,1,0,1,0,0,10.9363
1,0,0,1,0,0,0,1,0,0,0,0,1,1,0,0,1,0,37.7474
0,0,0,1,0,0,0,1,1,0,0,0,0,1,0,0,1,0,0.5288
1,0,1,1,1,0,1,1,0,0,1,0,0,1,0,1,0,0,10.7386
0,1,1,0,0,0,0,1,0,1,0,0,0,1,0,0,0,1,0.5068
0,1,0,1,1,0,0,1,0,0,0,1,0,1,0,0,0,1,1.2688
1,0,0,0,1,1,0,1,0,0,0,0,1,1,1,0,0,0,37.7489
1,0,0,1,0,1,1,1,0,0,0,1,0,1,0,1,0,0,19.9286
1,0,1,0,0,1,0,1,0,0,1,0,0,1,0,1,0,0,10.7427
1,1,0,0,1,1,0,1,0,1,0,0,0,1,1,0,0,0,5.8314
0,0,0,1,0,0,0,1,0,0,0,0,1,1,1,0,0,0,0.9438
0,1,1,0,1,1,0,1,0,0,0,0,1,1,0,0,0,1,2.1033
1,0,1,1,1,1,0,1,0,0,0,0,1,1,0,0,0,1,37.8413
0,0,0,0,1,0,1,1,0,0,0,0,1,1,0,0,1,0,0.9439
0,1,0,0,0,1,1,1,0,0,0,1,0,1,1,0,0,0,1.2558
0,1,0,1,1,1,0,1,0,0,1,0,0,1,1,0,0,0,0.7459
0,0,1,1,1,1,1,1,0,0,1,0,0,1,0,1,0,0,0.5219
1,1,1,1,1,0,0,1,0,0,0,0,1,1,1,0,0,0,38.9977
0,0,0,0,0,1,1,1,0,1,0,0,0,1,0,1,0,0,0.4653
0,1,1,1,1,1,1,1,0,0,1,0,0,1,1,0,0,0,0.7594
1,0,1,0,1,1,1,1,0,0,0,0,1,1,1,0,0,0,37.6709
0,1,1,0,0,1,0,1,0,1,0,0,0,1,0,0,0,1,0.5116
0,0,0,1,0,1,0,1,0,0,1,0,0,1,0,0,0,1,0.5013
1,0,0,1,1,0,0,1,0,1,0,0,0,1,0,0,1,0,6.5141
1,0,0,1,1,0,1,1,0,1,0,0,0,1,0,0,1,0,6.5208
0,1,0,1,1,0,0,1,0,1,0,0,0,1,0,0,0,1,0.5230
0,0,1,0,0,1,0,1,1,0,0,0,0,1,1,0,0,0,0.5291
0,0,0,0,0,0,1,1,0,1,0,0,0,1,0,1,0,0,0.4628
1,0,0,1,1,1,0,1,0,0,0,1,0,1,0,0,0,1,19.9712
0,1,1,0,1,0,0,1,0,0,1,0,0,1,0,0,0,1,0.7521
1,1,0,0,0,1,0,1,1,0,0,0,0,1,0,0,1,0,2.0214
0,1,1,1,0,0,1,1,0,0,1,0,0,1,0,1,0,0,0.7751
1,1,1,1,1,0,0,1,0,0,0,1,0,1,0,0,0,1,21.2895
1,1,0,1,1,0,0,1,0,0,0,0,1,1,0,1,0,0,39.0409
1,1,0,1,0,0,1,1,0,1,0,0,0,1,0,0,1,0,5.8683
0,1,1,1,1,1,1,1,1,0,0,0,0,1,0,1,0,0,0.3970
1,1,1,1,1,1,1,1,0,0,1,0,0,1,0,1,0,0,10.9169
0,1,0,1,0,0,1,1,0,0,0,0,1,1,1,0,0,0,2.1595
1,1,0,1,0,1,1,1,0,0,0,1,0,1,0,1,0,0,21.2016
0,0,1,1,0,0,0,1,0,0,1,0,0,1,1,0,0,0,0.4987
0,0,0,1,0,0,1,1,0,0,1,0,0,1,1,0,0,0,0.5206
1,1,1,1,1,1,1,1,1,0,0,0,0,1,0,0,1,0,2.0744
0,1,1,1,0,1,0,1,0,1,0,0,0,1,0,0,0,1,0.5202
0,0,0,0,0,1,0,1,0,1,0,0,0,1,0,0,0,1,0.4523
0,0,1,1,1,1,0,1,0,0,0,1,0,1,0,1,0,0,0.6237
0,0,1,0,1,1,0,1,0,1,0,0,0,1,0,0,1,0,0.4545
0,1,0,0,1,1,0,1,0,0,0,0,1,1,1,0,0,0,2.1149
0,0,0,1,0,0,0,1,0,0,0,1,0,1,1,0,0,0,0.6444
1,0,1,1,1,0,0,1,0,1,0,0,0,1,1,0,0,0,6.5174
1,1,1,1,0,0,1,1,0,0,1,0,0,1,0,1,0,0,10.9380
0,0,0,0,0,1,1,1,0,1,0,0,0,1,0,0,0,1,0.4634
1,0,0,1,1,1,0,1,0,0,0,1,0,1,0,1,0,0,19.9770
0,1,1,0,1,1,0,1,0,1,0,0,0,1,0,1,0,0,0.5195
0,1,0,1,0,1,0,1,0,0,0,0,1,1,0,1,0,0,2.1014
1,1,1,0,0,1,0,1,0,1,0,0,0,1,1,0,0,0,5.8404
0,0,0,1,1,0,0,1,0,1,0,0,0,1,1,0,0,0,0.4522
1,0,1,0,0,0,0,1,0,1,0,0,0,1,0,0,0,1,6.5378
1,0,1,0,0,0,0,1,1,0,0,0,0,1,1,0,0,0,3.2609
1,0,0,0,1,1,1,1,0,0,0,1,0,1,0,1,0,0,19.9323
1,1,1,1,0,1,0,1,0,0,0,0,1,1,1,0,0,0,38.9911
0,1,0,0,0,1,1,1,1,0,0,0,0,1,0,1,0,0,0.3883
0,0,1,0,0,0,1,1,1,0,0,0,0,1,0,0,0,1,0.5666
0,1,1,1,1,1,0,1,0,1,0,0,0,1,0,0,1,0,0.5208
1,0,1,1,1,0,0,1,0,0,0,0,1,1,0,0,1,0,37.8338
1,0,1,0,0,0,0,1,0,0,0,0,1,1,1,0,0,0,37.7537
1,0,1,0,1,1,1,1,1,0,0,0,0,1,1,0,0,0,3.2979
1,0,0,0,1,1,1,1,0,1,0,0,0,1,1,0,0,0,6.5416
0,0,1,0,1,1,1,1,0,0,0,1,0,1,1,0,0,0,0.6412
0,1,1,0,0,0,0,1,0,0,0,1,0,1,0,0,1,0,1.2475
1,1,1,0,0,1,0,1,1,0,0,0,0,1,0,0,0,1,2.0315
1,0,0,0,1,1,1,1,0,0,0,0,1,1,0,1,0,0,37.6686
0,1,1,0,0,0,0,1,1,0,0,0,0,1,0,0,0,1,0.3601
1,0,0,1,0,0,0,1,1,0,0,0,0,1,0,0,0,1,3.2051
1,1,1,0,0,1,1,1,1,0,0,0,0,1,1,0,0,0,2.0802
0,0,1,1,1,0,0,1,0,1,0,0,0,1,1,0,0,0,0.4485
0,0,0,0,0,0,1,1,1,0,0,0,0,1,0,0,1,0,0.5683
1,0,1,1,0,1,0,1,0,0,1,0,0,1,0,0,1,0,10.7235
0,0,0,0,0,0,1,1,0,1,0,0,0,1,0,0,1,0,0.4638
1,0,1,1,0,0,1,1,1,0,0,0,0,1,0,0,0,1,3.2817
0,0,0,1,0,1,0,1,0,1,0,0,0,1,1,0,0,0,0.4513
0,0,0,1,0,0,1,1,0,0,1,0,0,1,0,0,0,1,0.5203
1,1,0,0,0,1,0,1,0,0,1,0,0,1,1,0,0,0,10.8897
1,0,0,0,0,1,0,1,1,0,0,0,0,1,1,0,0,0,3.2386
0,0,0,1,0,1,0,1,0,0,0,1,0,1,0,0,1,0,0.6314
0,0,0,0,0,0,0,1,0,1,0,0,0,1,0,0,1,0,0.4330
0,1,0,0,0,0,1,1,1,0,0,0,0,1,0,0,0,1,0.3853
1,0,1,0,0,1,0,1,0,1,0,0,0,1,1,0,0,0,6.5248
1,0,0,0,1,0,1,1,0,0,1,0,0,1,0,1,0,0,10.7170
1,0,0,0,1,1,1,1,0,0,0,0,1,1,1,0,0,0,37.6887
0,1,0,0,1,0,1,1,0,0,0,1,0,1,1,0,0,0,1.3077
1,1,0,0,0,0,1,1,1,0,0,0,0,1,1,0,0,0,2.0794
1,0,0,1,1,0,1,1,1,0,0,0,0,1,0,0,0,1,3.2671
1,0,1,1,1,0,0,1,1,0,0,0,0,1,0,0,1,0,3.2267
1,1,0,1,1,1,1,1,0,0,1,0,0,1,0,1,0,0,10.9242
0,1,0,0,0,1,0,1,0,0,0,0,1,1,0,0,0,1,2.1108
1,0,1,1,1,1,0,1,1,0,0,0,0,1,0,0,0,1,3.2042
0,1,1,1,0,0,0,1,0,0,0,0,1,1,1,0,0,0,2.3905
1,1,0,0,0,0,0,1,1,0,0,0,0,1,1,0,0,0,2.0237
0,0,0,0,1,1,0,1,0,1,0,0,0,1,1,0,0,0,0.4440
1,0,0,0,1,0,0,1,0,0,0,1,0,1,1,0,0,0,20.0319
0,0,1,1,0,1,1,1,0,0,0,1,0,1,0,0,1,0,0.6538
0,1,1,1,0,1,0,1,0,0,0,1,0,1,0,1,0,0,1.2499
1,1,0,1,0,1,0,1,0,0,0,0,1,1,0,0,0,1,38.9837
1,1,0,1,1,1,0,1,0,0,0,0,1,1,1,0,0,0,38.9905
0,0,0,1,1,0,1,1,0,1,0,0,0,1,0,1,0,0,0.4719
0,1,1,0,1,1,1,1,0,0,0,1,0,1,0,1,0,0,1.2558
0,0,0,1,0,1,1,1,0,1,0,0,0,1,0,1,0,0,0.4747
1,1,0,0,0,0,1,1,1,0,0,0,0,1,0,0,1,0,2.0875
0,1,0,1,1,0,1,1,1,0,0,0,0,1,1,0,0,0,0.3861
1,0,1,1,0,1,1,1,1,0,0,0,0,1,0,1,0,0,3.3135
0,0,1,0,0,0,1,1,0,1,0,0,0,1,0,1,0,0,0.4646
0,0,0,1,1,1,1,1,0,0,0,1,0,1,0,1,0,0,0.6435
0,1,1,1,0,0,1,1,1,0,0,0,0,1,0,0,1,0,0.3815
1,0,0,1,1,1,1,1,0,0,0,0,1,1,0,0,1,0,37.6560
1,1,0,0,0,1,0,1,0,0,0,1,0,1,0,1,0,0,21.2188
0,0,1,1,0,1,0,1,0,0,0,0,1,1,0,0,0,1,0.9146
0,0,1,0,0,0,0,1,0,0,0,0,1,1,0,1,0,0,0.9213
0,1,0,1,0,0,0,1,1,0,0,0,0,1,0,0,1,0,0.3676
1,1,1,0,1,0,0,1,0,0,0,0,1,1,1,0,0,0,38.9775
1,0,1,1,1,0,0,1,1,0,0,0,0,1,1,0,0,0,3.2328
1,0,0,1,1,0,1,1,0,0,0,0,1,1,1,0,0,0,37.6488
1,0,1,1,1,1,1,1,0,0,0,1,0,1,1,0,0,0,19.9650
1,0,1,0,1,0,0,1,1,0,0,0,0,1,0,1,0,0,3.2503
1,1,0,1,0,1,1,1,0,1,0,0,0,1,0,0,1,0,5.8542
0,1,1,0,1,1,0,1,0,0,0,0,1,1,0,0,1,0,2.1020
1,0,0,1,0,1,1,1,0,0,0,0,1,1,0,1,0,0,37.6257
1,1,1,1,0,0,1,1,0,0,1,0,0,1,1,0,0,0,10.9368
0,0,0,1,0,0,1,1,0,0,0,0,1,1,0,0,1,0,0.9552
0,0,1,1,0,1,1,1,1,0,0,0,0,1,1,0,0,0,0.5840
0,1,0,0,0,1,0,1,0,1,0,0,0,1,0,0,1,0,0.5056
0,0,1,0,1,1,0,1,0,0,1,0,0,1,0,0,1,0,0.5008
0,1,1,1,0,0,0,1,0,0,1,0,0,1,0,0,0,1,0.7420
0,1,0,1,1,1,0,1,0,0,1,0,0,1,0,0,0,1,0.7465
0,0,0,1,1,0,0,1,0,0,1,0,0,1,0,0,0,1,0.5030
1,0,1,0,0,1,0,1,0,0,0,0,1,1,0,0,1,0,37.8014
1,0,1,0,1,0,1,1,1,0,0,0,0,1,0,0,0,1,3.2809
1,0,0,1,1,1,1,1,0,0,0,1,0,1,1,0,0,0,19.9186
1,1,1,1,0,0,1,1,0,0,0,0,1,1,1,0,0,0,38.8212
1,0,0,0,0,1,1,1,0,0,1,0,0,1,0,1,0,0,10.7266
0,0,1,0,1,0,0,1,1,0,0,0,0,1,0,0,0,1,0.5149
0,0,0,1,1,0,0,1,0,0,0,0,1,1,1,0,0,0,0.9353
0,1,1,1,0,1,0,1,0,0,0,1,0,1,0,0,1,0,1.2529
0,0,0,0,1,0,0,1,0,1,0,0,0,1,0,1,0,0,0.4351
0,1,0,0,1,1,0,1,0,0,0,1,0,1,1,0,0,0,1.2584
1,1,0,1,0,0,1,1,0,0,0,0,1,1,0,0,0,1,38.8869
1,1,1,0,0,1,0,1,0,0,0,1,0,1,0,1,0,0,21.2706
1,0,1,1,1,0,0,1,0,0,0,1,0,1,0,0,0,1,19.9833
1,1,0,0,0,1,1,1,0,0,0,1,0,1,0,0,0,1,21.1878
0,1,0,0,0,1,1,1,0,0,1,0,0,1,0,0,0,1,0.7508
0,1,0,1,1,1,1,1,0,0,1,0,0,1,0,1,0,0,0.7592
0,0,1,0,1,1,1,1,1,0,0,0,0,1,0,0,1,0,0.5719
0,0,0,0,0,1,1,1,0,0,0,0,1,1,0,0,0,1,0.9158
0,0,0,1,0,1,0,1,0,0,0,0,1,1,0,1,0,0,0.9139
1,1,0,0,0,1,1,1,0,0,0,0,1,1,0,1,0,0,38.8258
0,1,0,0,1,1,1,1,0,1,0,0,0,1,0,0,0,1,0.5260
1,0,0,1,1,0,0,1,0,0,0,0,1,1,1,0,0,0,37.8123
0,0,1,1,1,1,1,1,0,0,0,0,1,1,0,1,0,0,0.9237
1,0,0,0,0,0,0,1,0,0,1,0,0,1,0,1,0,0,10.7814
1,1,1,0,1,0,0,1,0,0,1,0,0,1,0,0,0,1,10.9093
0,0,0,1,1,0,0,1,0,0,0,1,0,1,0,1,0,0,0.6403
1,1,1,0,1,1,0,1,0,0,1,0,0,1,0,1,0,0,10.9396
0,1,0,1,1,0,0,1,0,0,0,1,0,1,1,0,0,0,1.2694
0,1,0,1,1,0,1,1,0,0,1,0,0,1,0,1,0,0,0.7761
1,0,1,1,1,0,0,1,0,1,0,0,0,1,0,1,0,0,6.5145
1,1,1,0,0,1,1,1,0,0,0,0,1,1,0,0,1,0,38.9232
1,1,1,1,1,0,1,1,0,0,0,0,1,1,1,0,0,0,38.9265
0,1,1,0,1,1,0,1,0,0,1,0,0,1,0,0,0,1,0.7512
0,1,0,0,0,0,0,1,0,0,0,0,1,1,0,0,1,0,2.3785
0,1,0,1,0,0,1,1,0,0,1,0,0,1,0,1,0,0,0.7755
0,0,1,1,0,1,0,1,0,0,0,0,1,1,0,1,0,0,0.9159
0,0,0,1,0,1,0,1,1,0,0,0,0,1,0,1,0,0,0.5281
0,0,0,1,0,0,1,1,0,0,0,0,1,1,0,1,0,0,0.9588
1,0,1,1,1,0,1,1,0,0,1,0,0,1,0,0,0,1,10.7103
0,1,0,1,1,1,0,1,0,0,1,0,0,1,0,1,0,0,0.7457
0,0,1,1,1,1,1,1,0,0,0,0,1,1,0,0,1,0,0.9234
1,1,0,1,1,1,1,1,1,0,0,0,0,1,1,0,0,0,2.0863
1,0,1,1,1,0,1,1,0,0,0,1,0,1,1,0,0,0,19.9721
0,0,0,0,0,1,0,1,0,0,0,0,1,1,1,0,0,0,0.9321
1,0,1,1,0,1,0,1,1,0,0,0,0,1,0,0,0,1,3.2064
0,0,1,1,1,0,1,1,0,0,0,1,0,1,0,0,1,0,0.6481
0,1,1,1,1,1,1,1,1,0,0,0,0,1,0,0,0,1,0.3979
1,0,1,1,1,1,1,1,0,0,0,0,1,1,0,0,0,1,37.6528
0,0,0,1,0,1,1,1,0,1,0,0,0,1,0,0,1,0,0.4753
0,1,0,1,0,1,0,1,0,1,0,0,0,1,1,0,0,0,0.5149
1,0,0,0,1,1,1,1,1,0,0,0,0,1,1,0,0,0,3.3033
0,1,1,0,0,0,1,1,0,1,0,0,0,1,0,1,0,0,0.5434
0,1,1,0,0,0,0,1,1,0,0,0,0,1,1,0,0,0,0.3660
1,1,1,1,0,1,1,1,0,1,0,0,0,1,1,0,0,0,5.8403
0,1,0,0,1,0,0,1,0,0,0,0,1,1,1,0,0,0,2.3648
1,1,1,1,0,0,0,1,1,0,0,0,0,1,0,0,0,1,2.0426
1,0,1,0,1,0,1,1,1,0,0,0,0,1,1,0,0,0,3.2897
0,0,1,1,1,0,1,1,0,0,0,0,1,1,0,0,1,0,0.9619
0,0,1,0,1,1,1,1,0,0,1,0,0,1,0,1,0,0,0.5204
0,0,0,0,0,0,1,1,0,0,0,0,1,1,1,0,0,0,0.9520
1,1,0,0,1,0,1,1,0,0,0,0,1,1,0,1,0,0,38.8694
0,0,1,1,0,1,1,1,1,0,0,0,0,1,0,0,0,1,0.5809
0,0,1,1,0,0,1,1,1,0,0,0,0,1,0,1,0,0,0.5789
0,0,0,1,0,0,1,1,0,0,0,1,0,1,0,0,0,1,0.6500
1,0,0,1,0,1,1,1,0,1,0,0,0,1,0,0,1,0,6.5172
1,1,0,0,0,1,0,1,0,0,0,1,0,1,1,0,0,0,21.2520
1,1,1,1,0,0,1,1,0,0,0,1,0,1,1,0,0,0,21.2654
1,1,1,1,1,0,1,1,0,0,0,1,0,1,1,0,0,0,21.2325
1,0,1,0,0,0,1,1,0,0,0,0,1,1,0,0,0,1,37.6059
0,1,0,0,0,1,0,1,1,0,0,0,0,1,0,1,0,0,0.3617
1,1,0,0,1,0,1,1,0,0,0,0,1,1,0,0,0,1,38.8726
0,0,1,0,1,1,0,1,0,1,0,0,0,1,0,0,0,1,0.4541
0,1,0,0,0,0,1,1,0,0,1,0,0,1,0,0,0,1,0.7726
0,0,0,1,1,1,0,1,0,1,0,0,0,1,0,0,0,1,0.4482
0,1,1,0,1,0,0,1,0,0,0,1,0,1,0,1,0,0,1.2578
0,1,1,1,0,1,0,1,1,0,0,0,0,1,0,1,0,0,0.3676
1,1,1,0,0,1,1,1,0,0,0,1,0,1,0,1,0,0,21.1990
0,1,1,0,0,0,0,1,0,1,0,0,0,1,0,1,0,0,0.5081
0,1,0,0,1,0,1,1,1,0,0,0,0,1,0,0,0,1,0.3828
1,1,0,0,0,0,0,1,0,0,0,0,1,1,0,1,0,0,38.9400
1,1,1,0,0,0,0,1,1,0,0,0,0,1,0,0,1,0,2.0350
0,0,1,1,1,0,1,1,1,0,0,0,0,1,0,1,0,0,0.5797
1,0,0,0,1,0,0,1,0,0,0,1,0,1,0,0,1,0,20.0118
1,1,0,0,1,0,1,1,0,0,1,0,0,1,0,1,0,0,10.9186
0,1,0,0,0,0,1,1,0,0,1,0,0,1,1,0,0,0,0.7731
1,0,0,1,1,1,1,1,0,0,1,0,0,1,0,0,1,0,10.7345
1,0,1,1,0,0,0,1,0,0,0,1,0,1,0,0,0,1,20.0268
1,0,0,0,1,0,0,1,0,0,0,0,1,1,0,1,0,0,37.7692
1,0,1,0,0,0,1,1,0,0,0,1,0,1,1,0,0,0,19.9822
1,1,0,0,0,0,0,1,0,0,0,0,1,1,0,0,1,0,39.0336
1,0,0,1,0,0,0,1,0,0,1,0,0,1,1,0,0,0,10.7222
0,0,1,1,1,0,0,1,0,1,0,0,0,1,0,0,1,0,0.4520
0,0,0,0,1,0,0,1,0,0,1,0,0,1,0,0,0,1,0.4838
0,1,1,0,0,1,0,1,0,0,0,1,0,1,0,0,1,0,1.2534
1,0,1,1,1,0,1,1,1,0,0,0,0,1,0,0,1,0,3.2689
0,1,1,0,1,1,0,1,0,0,0,0,1,1,1,0,0,0,2.1029
1,1,1,0,0,0,1,1,0,0,0,0,1,1,0,1,0,0,38.9026
1,1,0,1,0,1,1,1,0,0,0,1,0,1,0,0,1,0,21.2341
1,0,1,0,0,1,0,1,0,0,1,0,0,1,0,0,0,1,10.7292
1,1,1,0,0,0,1,1,0,0,0,1,0,1,0,1,0,0,21.2864
0,0,1,0,1,1,0,1,0,1,0,0,0,1,0,1,0,0,0.4556
1,0,0,1,1,1,0,1,0,0,1,0,0,1,0,1,0,0,10.7555
0,0,0,0,1,0,1,1,0,1,0,0,0,1,0,0,0,1,0.4645
0,1,1,0,0,1,0,1,0,0,0,0,1,1,0,0,1,0,2.1020
1,0,1,0,1,0,0,1,0,0,0,0,1,1,0,0,1,0,37.8270
1,0,1,0,0,1,1,1,0,0,1,0,0,1,0,0,0,1,10.7100
1,0,0,1,0,0,1,1,0,0,0,1,0,1,0,0,0,1,19.9631
1,0,0,0,0,0,0,1,0,0,1,0,0,1,0,0,1,0,10.7515
1,1,0,0,1,1,0,1,0,0,1,0,0,1,0,0,1,0,10.9177
1,1,0,1,1,0,0,1,0,0,1,0,0,1,1,0,0,0,10.8994
1,0,0,1,0,0,1,1,0,0,1,0,0,1,0,1,0,0,10.7454
1,1,1,1,0,1,1,1,0,0,1,0,0,1,0,0,0,1,10.8904
1,0,1,1,0,0,1,1,0,0,0,1,0,1,0,0,1,0,19.9962
1,1,0,0,1,1,0,1,0,0,1,0,0,1,0,1,0,0,10.8905
1,0,1,0,1,1,1,1,0,0,0,1,0,1,0,0,0,1,19.9663
1,1,0,0,1,0,0,1,0,0,0,0,1,1,1,0,0,0,39.0699
1,1,0,0,1,1,1,1,0,0,1,0,0,1,0,0,0,1,10.9177
1,1,1,1,1,0,0,1,0,0,0,0,1,1,0,0,0,1,39.0334
1,0,0,0,1,1,0,1,0,1,0,0,0,1,1,0,0,0,6.5364
0,0,0,0,0,0,1,1,0,1,0,0,0,1,0,0,0,1,0.4629
1,0,0,0,0,0,0,1,0,1,0,0,0,1,0,1,0,0,6.5264
0,1,1,0,0,0,1,1,0,0,0,1,0,1,0,0,0,1,1.3135
1,0,0,1,0,1,1,1,0,1,0,0,0,1,1,0,0,0,6.5168
1,0,1,0,1,1,0,1,1,0,0,0,0,1,1,0,0,0,3.2411
1,1,1,0,1,1,0,1,0,0,0,0,1,1,1,0,0,0,39.0688
0,1,0,0,0,0,1,1,0,1,0,0,0,1,0,0,1,0,0.5372
1,0,1,1,0,1,0,1,0,1,0,0,0,1,1,0,0,0,6.5049
0,1,0,1,0,0,0,1,0,1,0,0,0,1,0,0,0,1,0.5189
1,1,1,1,1,1,1,1,1,0,0,0,0,1,0,1,0,0,2.0720
0,1,1,0,1,0,0,1,0,1,0,0,0,1,0,1,0,0,0.5071
0,0,0,0,0,0,1,1,1,0,0,0,0,1,0,1,0,0,0.5823
1,1,1,0,0,1,0,1,0,0,0,0,1,1,0,1,0,0,39.0686
1,1,0,0,0,0,0,1,0,1,0,0,0,1,1,0,0,0,5.8237
0,0,0,1,1,1,0,1,0,0,0,0,1,1,1,0,0,0,0.9218
0,1,1,1,1,0,1,1,0,0,0,1,0,1,0,0,1,0,1.3062
0,1,0,0,1,1,1,1,0,1,0,0,0,1,0,1,0,0,0.5266
1,1,0,1,1,0,1,1,0,0,0,1,0,1,0,1,0,0,21.2985
0,1,1,1,1,0,0,1,0,0,0,1,0,1,0,0,0,1,1.2486
0,1,0,0,1,0,1,1,0,0,1,0,0,1,0,0,0,1,0.7793
1,0,0,0,0,1,0,1,0,0,0,0,1,1,1,0,0,0,37.8018
0,1,1,0,0,1,1,1,1,0,0,0,0,1,0,0,0,1,0.4003
0,0,1,0,1,0,0,1,0,1,0,0,0,1,0,0,0,1,0.4475
0,0,1,0,0,0,0,1,0,0,0,0,1,1,0,0,0,1,0.9215
0,1,0,0,1,0,1,1,0,0,1,0,0,1,0,1,0,0,0.7823
0,0,1,0,0,0,1,1,1,0,0,0,0,1,0,0,1,0,0.5679
1,1,1,1,0,1,1,1,0,1,0,0,0,1,0,0,0,1,5.8613
0,1,1,0,0,0,0,1,0,0,1,0,0,1,0,1,0,0,0.7524
1,1,0,0,0,1,1,1,0,1,0,0,0,1,0,1,0,0,5.8419
0,1,1,0,1,0,0,1,0,0,0,1,0,1,0,0,1,0,1.2572
0,1,0,1,0,1,0,1,0,1,0,0,0,1,0,0,0,1,0.5173
1,1,1,0,0,0,1,1,0,1,0,0,0,1,0,0,1,0,5.8266
1,0,0,1,0,1,1,1,0,0,0,1,0,1,0,0,1,0,19.9297
1,0,1,1,1,0,1,1,0,0,0,0,1,1,0,0,0,1,37.5558
0,0,0,0,0,0,0,1,0,0,0,1,0,1,1,0,0,0,0.6161
1,1,0,0,0,0,0,1,0,0,0,1,0,1,1,0,0,0,21.2606
1,0,0,1,1,1,0,1,0,1,0,0,0,1,0,0,1,0,6.5253
1,1,0,0,0,0,1,1,0,0,0,0,1,1,0,0,1,0,38.9232
0,1,1,1,1,1,0,1,0,0,1,0,0,1,1,0,0,0,0.7511
0,1,0,1,1,1,1,1,0,0,0,1,0,1,1,0,0,0,1.2686
0,0,1,1,0,0,1,1,1,0,0,0,0,1,1,0,0,0,0.5778
0,1,1,0,1,0,0,1,0,0,0,0,1,1,1,0,0,0,2.3936
1,1,0,0,1,1,0,1,0,1,0,0,0,1,0,1,0,0,5.8353
0,0,0,1,1,0,1,1,0,0,1,0,0,1,0,0,1,0,0.5154
0,0,0,0,1,0,1,1,0,0,0,0,1,1,0,0,0,1,0.9652
1,1,0,1,1,1,0,1,1,0,0,0,0,1,0,1,0,0,2.0282
0,1,1,0,1,1,0,1,0,1,0,0,0,1,0,0,1,0,0.5192
0,0,0,0,1,1,1,1,0,0,1,0,0,1,0,1,0,0,0.5172
0,1,1,1,0,1,0,1,0,0,1,0,0,1,1,0,0,0,0.7476
1,1,1,1,0,1,1,1,1,0,0,0,0,1,0,0,0,1,2.0713
0,1,0,0,1,1,1,1,0,0,0,1,0,1,0,0,1,0,1.2616
0,0,1,1,0,1,1,1,0,0,0,1,0,1,0,1,0,0,0.6492
1,0,0,0,1,0,0,1,1,0,0,0,0,1,1,0,0,0,3.2294
0,1,1,0,1,1,1,1,1,0,0,0,0,1,0,0,1,0,0.3905
0,1,1,0,0,0,0,1,0,0,0,1,0,1,1,0,0,0,1.2462
0,0,0,1,0,0,0,1,0,0,1,0,0,1,0,0,1,0,0.5117
1,0,1,0,0,0,1,1,0,1,0,0,0,1,1,0,0,0,6.5384
1,0,0,1,1,1,0,1,0,0,0,1,0,1,0,0,1,0,19.9687
1,0,0,0,1,1,1,1,0,0,1,0,0,1,0,0,0,1,10.7366
1,0,1,0,1,0,1,1,0,1,0,0,0,1,0,0,1,0,6.5278
1,0,1,0,0,0,1,1,0,1,0,0,0,1,0,1,0,0,6.5372
0,0,0,1,0,0,1,1,0,0,1,0,0,1,0,0,1,0,0.5237
0,0,0,0,0,0,0,1,0,0,1,0,0,1,0,0,1,0,0.4803
0,1,1,0,0,1,1,1,0,1,0,0,0,1,0,0,0,1,0.5358
0,0,0,0,1,0,1,1,0,0,0,1,0,1,0,1,0,0,0.6366
0,0,1,1,1,1,0,1,0,0,0,1,0,1,0,0,0,1,0.6275
1,1,1,0,1,0,0,1,0,0,0,1,0,1,1,0,0,0,21.2930
1,1,0,0,1,1,0,1,0,0,0,1,0,1,0,1,0,0,21.2192
0,1,0,1,1,0,0,1,0,1,0,0,0,1,1,0,0,0,0.5215
0,1,0,1,1,1,1,1,1,0,0,0,0,1,0,0,0,1,0.3870
0,0,0,1,0,1,1,1,0,1,0,0,0,1,0,0,0,1,0.4768
0,1,0,1,1,0,0,1,1,0,0,0,0,1,0,1,0,0,0.3758
1,0,0,0,1,0,0,1,0,1,0,0,0,1,0,0,0,1,6.5157
0,0,0,0,0,1,0,1,0,0,1,0,0,1,0,0,1,0,0.5007
1,0,0,1,1,1,0,1,1,0,0,0,0,1,0,0,0,1,3.2344
1,1,0,1,0,0,1,1,0,0,0,0,1,1,0,0,1,0,38.9106
0,0,1,1,1,0,1,1,0,0,0,0,1,1,0,0,0,1,0.9568
1,0,1,1,0,1,0,1,0,0,1,0,0,1,1,0,0,0,10.7189
1,1,0,0,0,1,0,1,0,0,0,0,1,1,0,0,1,0,39.0416
0,0,0,0,1,0,1,1,0,1,0,0,0,1,1,0,0,0,0.4642
0,1,0,0,1,1,1,1,0,0,0,0,1,1,0,1,0,0,2.1619
0,1,0,1,0,0,1,1,1,0,0,0,0,1,0,0,1,0,0.3851
0,0,1,1,1,0,0,1,1,0,0,0,0,1,0,0,1,0,0.5250
0,1,1,1,0,1,1,1,0,0,1,0,0,1,0,1,0,0,0.7472
0,0,0,1,1,0,0,1,0,0,0,1,0,1,0,0,0,1,0.6379
1,0,1,1,1,1,0,1,1,0,0,0,0,1,1,0,0,0,3.2125
1,1,0,1,1,0,0,1,1,0,0,0,0,1,0,0,0,1,2.0266
0,0,0,0,0,1,1,1,1,0,0,0,0,1,0,0,1,0,0.5672
1,1,0,1,0,1,1,1,0,0,1,0,0,1,0,1,0,0,10.9066
0,1,1,1,0,1,1,1,0,0,1,0,0,1,0,0,1,0,0.7496
1,0,1,1,0,0,1,1,1,0,0,0,0,1,1,0,0,0,3.2881
0,0,1,0,1,1,0,1,0,0,1,0,0,1,0,0,0,1,0.5002
0,0,0,0,0,1,0,1,0,0,1,0,0,1,0,0,0,1,0.5022
0,0,0,1,1,1,0,1,0,0,1,0,0,1,1,0,0,0,0.5035
0,0,1,1,1,1,0,1,0,0,1,0,0,1,1,0,0,0,0.4942
0,1,1,0,0,1,1,1,0,1,0,0,0,1,0,0,1,0,0.5357
1,1,0,0,0,1,0,1,0,0,1,0,0,1,0,0,0,1,10.8926
1,1,1,0,0,0,1,1,1,0,0,0,0,1,0,0,1,0,2.0589
1,0,1,1,0,1,0,1,0,0,0,0,1,1,0,0,1,0,37.8368
0,0,0,1,1,0,1,1,1,0,0,0,0,1,0,1,0,0,0.5833
1,1,0,1,0,0,1,1,0,0,1,0,0,1,0,1,0,0,10.9427
1,1,0,0,1,1,0,1,0,1,0,0,0,1,0,0,0,1,5.8223
0,1,1,0,0,1,1,1,0,0,0,0,1,1,0,0,1,0,2.1706
1,0,0,0,0,0,0,1,0,0,0,1,0,1,0,1,0,0,20.0033
0,0,0,0,1,0,0,1,0,0,0,1,0,1,0,1,0,0,0.6181
0,1,0,0,1,0,0,1,1,0,0,0,0,1,0,0,1,0,0.3671
1,0,1,1,0,0,1,1,0,1,0,0,0,1,0,0,0,1,6.5317
0,0,1,0,1,0,0,1,0,1,0,0,0,1,0,0,1,0,0.4455
1,1,1,1,0,1,1,1,0,1,0,0,0,1,0,0,1,0,5.8465
1,0,0,0,1,0,0,1,1,0,0,0,0,1,0,0,1,0,3.2291
0,0,0,1,1,1,1,1,1,0,0,0,0,1,0,1,0,0,0.5757
0,1,1,1,1,1,1,1,0,0,1,0,0,1,0,0,0,1,0.7534
0,1,0,0,1,0,0,1,1,0,0,0,0,1,1,0,0,0,0.3634
1,1,1,0,1,0,1,1,0,0,1,0,0,1,0,1,0,0,10.9550
1,0,1,1,0,0,1,1,0,0,1,0,0,1,0,1,0,0,10.7624
0,1,1,1,0,0,0,1,0,0,0,0,1,1,0,1,0,0,2.3917
0,1,1,1,0,0,1,1,0,0,1,0,0,1,0,0,1,0,0.7844
0,0,1,1,1,0,0,1,0,0,0,0,1,1,1,0,0,0,0.9249
0,1,0,1,0,0,0,1,0,1,0,0,0,1,1,0,0,0,0.5204
0,0,1,0,0,0,0,1,1,0,0,0,0,1,0,0,1,0,0.5164
0,0,0,0,1,1,0,1,0,1,0,0,0,1,0,0,1,0,0.4455
0,1,0,0,0,0,1,1,0,0,0,0,1,1,1,0,0,0,2.1472
1,1,0,1,1,0,0,1,0,0,0,1,0,1,0,0,0,1,21.2809
0,0,1,1,1,1,1,1,0,0,0,1,0,1,1,0,0,0,0.6431
0,1,1,1,0,1,1,1,0,1,0,0,0,1,1,0,0,0,0.5275
1,1,1,0,0,1,0,1,1,0,0,0,0,1,0,0,1,0,2.0367
1,1,1,1,1,0,1,1,0,0,0,0,1,1,0,0,1,0,38.8233
0,1,1,0,0,1,0,1,0,0,0,1,0,1,0,1,0,0,1.2515
0,1,1,0,0,0,1,1,1,0,0,0,0,1,0,0,0,1,0.3879
1,1,0,1,1,1,1,1,0,0,0,0,1,1,0,0,1,0,38.9673
0,1,0,1,0,0,0,1,0,1,0,0,0,1,0,0,1,0,0.5163
0,1,0,1,1,1,1,1,0,0,0,1,0,1,0,0,0,1,1.2696
1,1,1,0,1,1,0,1,0,0,1,0,0,1,0,0,0,1,10.9309
1,1,0,1,1,0,1,1,1,0,0,0,0,1,1,0,0,0,2.0843
1,0,0,1,0,0,0,1,0,0,0,1,0,1,0,1,0,0,19.9645
0,0,1,0,1,1,0,1,0,0,0,0,1,1,0,1,0,0,0.9298
1,0,1,0,1,0,0,1,0,0,0,0,1,1,1,0,0,0,37.8092
1,1,1,0,1,0,0,1,0,1,0,0,0,1,0,0,0,1,5.8331
1,1,1,0,1,1,1,1,0,1,0,0,0,1,0,1,0,0,5.8631
1,1,1,1,0,1,1,1,0,0,0,0,1,1,0,1,0,0,38.8632
1,0,0,1,0,0,1,1,1,0,0,0,0,1,0,1,0,0,3.2797
0,1,1,1,1,0,1,1,0,0,1,0,0,1,0,0,0,1,0.7768
1,1,1,0,1,1,0,1,0,0,0,0,1,1,0,1,0,0,39.0524
0,0,1,1,1,1,0,1,0,1,0,0,0,1,0,1,0,0,0.4450
0,0,0,0,1,0,0,1,0,0,0,0,1,1,0,0,1,0,0.9117
0,1,1,0,1,1,0,1,0,0,0,0,1,1,0,1,0,0,2.0920
0,0,0,0,1,0,0,1,1,0,0,0,0,1,1,0,0,0,0.5057
1,1,1,1,1,1,0,1,0,0,0,0,1,1,0,1,0,0,39.0218
1,0,1,1,0,0,1,1,0,1,0,0,0,1,1,0,0,0,6.5504
0,1,0,0,1,0,1,1,0,0,0,0,1,1,0,0,0,1,2.1595
0,0,1,0,1,1,0,1,1,0,0,0,0,1,0,0,0,1,0.5275
0,0,1,0,0,0,1,1,0,0,0,1,0,1,0,0,0,1,0.6434
1,0,1,0,0,0,0,1,0,1,0,0,0,1,0,1,0,0,6.5306
0,0,1,0,0,1,1,1,0,0,0,1,0,1,0,1,0,0,0.6432
0,0,0,0,1,1,1,1,0,0,0,0,1,1,1,0,0,0,0.9242
0,0,1,0,1,1,1,1,1,0,0,0,0,1,0,0,0,1,0.5681
1,0,1,1,0,1,1,1,0,0,0,1,0,1,0,1,0,0,19.9569
1,1,0,0,0,1,1,1,0,0,0,1,0,1,0,1,0,0,21.1927
1,0,0,0,1,0,1,1,1,0,0,0,0,1,0,0,0,1,3.2605
0,0,1,0,0,1,1,1,0,0,0,1,0,1,0,0,0,1,0.6415
1,1,1,1,1,0,1,1,0,0,1,0,0,1,0,0,0,1,10.9040
0,0,0,0,1,0,0,1,0,1,0,0,0,1,0,0,0,1,0.4343
1,1,1,0,1,1,1,1,0,0,0,1,0,1,0,0,0,1,21.2163
0,0,1,1,1,1,1,1,0,0,0,1,0,1,0,0,1,0,0.6431
1,1,0,0,0,0,0,1,0,0,1,0,0,1,0,1,0,0,10.9212
0,1,1,0,1,0,1,1,1,0,0,0,0,1,0,0,0,1,0.3936
1,0,0,0,0,1,1,1,1,0,0,0,0,1,0,1,0,0,3.2688
0,1,0,1,0,1,0,1,0,0,1,0,0,1,1,0,0,0,0.7428
0,1,1,0,0,1,1,1,0,0,0,0,1,1,0,1,0,0,2.1655
0,1,0,1,1,1,1,1,0,0,1,0,0,1,0,0,0,1,0.7577
1,0,0,0,1,1,0,1,1,0,0,0,0,1,0,0,1,0,3.2385
0,0,1,1,1,1,0,1,0,0,0,1,0,1,1,0,0,0,0.6255
1,1,1,0,1,1,0,1,0,0,0,0,1,1,0,0,1,0,39.0116
0,1,1,0,0,0,0,1,0,1,0,0,0,1,1,0,0,0,0.5075
0,1,1,0,1,1,1,1,0,0,0,0,1,1,1,0,0,0,2.1795
0,0,0,0,1,0,0,1,0,0,0,0,1,1,1,0,0,0,0.9177
0,0,1,1,0,0,1,1,0,0,1,0,0,1,0,0,1,0,0.5184
1,1,0,0,1,0,0,1,0,0,0,1,0,1,1,0,0,0,21.2788
1,0,1,0,1,0,0,1,1,0,0,0,0,1,0,0,0,1,3.2374
0,0,1,1,0,1,0,1,0,0,0,0,1,1,1,0,0,0,0.9212
1,0,0,0,1,1,1,1,1,0,0,0,0,1,0,1,0,0,3.3045
0,1,1,0,1,0,0,1,0,0,1,0,0,1,0,0,1,0,0.7494
1,1,0,1,0,1,1,1,0,0,0,1,0,1,0,0,0,1,21.2497
1,0,1,1,0,0,0,1,0,0,0,0,1,1,0,0,0,1,37.8316
0,0,1,0,1,1,0,1,0,0,0,1,0,1,0,1,0,0,0.6332
0,0,0,0,0,1,0,1,1,0,0,0,0,1,0,0,0,1,0.5196
0,1,0,1,0,0,0,1,0,0,1,0,0,1,0,0,0,1,0.7562
0,1,1,1,1,0,0,1,0,0,0,1,0,1,0,1,0,0,1.2480
0,0,1,0,1,1,1,1,1,0,0,0,0,1,1,0,0,0,0.5730
1,0,0,0,0,1,1,1,0,0,0,0,1,1,1,0,0,0,37.6924
1,0,0,1,1,0,1,1,0,1,0,0,0,1,1,0,0,0,6.5093
1,0,1,1,0,0,1,1,0,0,0,1,0,1,0,1,0,0,19.9973
1,1,0,0,1,1,1,1,1,0,0,0,0,1,1,0,0,0,2.0870
0,0,1,0,0,0,1,1,0,0,1,0,0,1,0,0,0,1,0.5102
1,1,0,0,0,0,0,1,1,0,0,0,0,1,0,1,0,0,2.0286
1,0,0,1,0,1,0,1,0,0,0,1,0,1,0,0,1,0,19.9845
0,0,1,0,1,0,1,1,0,0,0,0,1,1,0,1,0,0,0.9540
1,1,0,1,0,0,0,1,1,0,0,0,0,1,0,0,1,0,2.0232
1,0,0,0,0,1,1,1,1,0,0,0,0,1,0,0,0,1,3.2684
0,0,0,1,0,1,0,1,1,0,0,0,0,1,0,0,0,1,0.5222
0,1,1,0,0,0,1,1,0,0,0,1,0,1,0,0,1,0,1.3028
1,0,0,0,0,0,1,1,1,0,0,0,0,1,1,0,0,0,3.2811
0,1,0,1,1,0,1,1,0,0,0,1,0,1,0,1,0,0,1.3097
0,1,1,1,1,0,1,1,0,0,0,0,1,1,1,0,0,0,2.1452
1,1,1,1,1,0,1,1,0,0,0,0,1,1,0,1,0,0,38.8631
1,0,1,0,1,0,1,1,0,0,1,0,0,1,1,0,0,0,10.7323
0,0,0,0,1,0,1,1,0,0,0,0,1,1,0,1,0,0,0.9425
1,0,0,1,0,0,1,1,0,0,1,0,0,1,0,0,0,1,10.7398
0,1,0,0,0,0,1,1,1,0,0,0,0,1,0,0,1,0,0.3830
1,0,0,0,0,0,0,1,0,0,0,1,0,1,1,0,0,0,20.0014
1,0,0,0,0,0,1,1,0,0,0,1,0,1,0,0,1,0,19.9953
1,1,0,1,1,1,0,1,0,0,0,1,0,1,0,0,1,0,21.2757
1,1,1,0,0,0,0,1,0,1,0,0,0,1,0,0,1,0,5.8379
1,1,0,0,1,1,0,1,0,0,0,0,1,1,0,0,0,1,39.0170
1,0,1,0,0,0,0,1,0,1,0,0,0,1,1,0,0,0,6.5263
0,1,1,1,1,0,0,1,1,0,0,0,0,1,0,0,0,1,0.3639
1,0,1,0,1,0,0,1,0,0,1,0,0,1,0,1,0,0,10.7539
1,0,1,1,1,1,1,1,0,1,0,0,0,1,0,1,0,0,6.5384
1,0,0,0,1,1,0,1,0,1,0,0,0,1,0,0,0,1,6.5221
0,1,0,1,0,0,1,1,0,1,0,0,0,1,0,0,1,0,0.5341
1,1,0,0,0,1,0,1,1,0,0,0,0,1,0,0,0,1,2.0185
0,1,0,0,1,0,0,1,0,0,0,0,1,1,0,0,0,1,2.3791
1,0,1,0,1,0,1,1,0,1,0,0,0,1,0,0,0,1,6.5310
1,0,1,0,0,0,1,1,1,0,0,0,0,1,0,1,0,0,3.2851
0,0,0,0,0,1,0,1,0,0,0,1,0,1,0,0,1,0,0.6320
0,1,0,1,1,1,0,1,0,0,0,1,0,1,0,0,1,0,1.2574
1,0,0,0,0,0,0,1,0,1,0,0,0,1,1,0,0,0,6.5250
1,1,1,1,1,0,0,1,0,0,0,1,0,1,1,0,0,0,21.2861
0,1,1,1,1,0,1,1,1,0,0,0,0,1,0,0,0,1,0.3826
1,1,1,1,0,1,0,1,0,0,0,0,1,1,0,0,0,1,39.0079
0,0,0,0,1,1,0,1,0,0,0,0,1,1,0,0,1,0,0.9212
0,0,1,0,0,1,0,1,0,0,0,0,1,1,0,0,1,0,0.9278
1,0,1,1,0,0,0,1,0,0,0,1,0,1,0,1,0,0,20.0319
0,1,1,1,1,0,1,1,0,0,1,0,0,1,1,0,0,0,0.7765
0,0,0,0,1,0,0,1,0,0,0,0,1,1,0,1,0,0,0.9089
1,0,0,0,0,0,0,1,0,0,0,0,1,1,1,0,0,0,37.7909
0,1,1,1,0,1,1,1,0,0,1,0,0,1,0,0,0,1,0.7498
0,0,0,0,0,1,1,1,0,0,0,1,0,1,0,0,1,0,0.6355
0,0,0,1,1,1,1,1,0,0,0,0,1,1,0,1,0,0,0.9204
0,1,0,0,1,1,1,1,0,0,1,0,0,1,0,0,0,1,0.7537
0,1,0,0,0,0,1,1,1,0,0,0,0,1,1,0,0,0,0.3857
1,1,0,1,0,0,1,1,0,0,0,0,1,1,0,1,0,0,38.9563
1,1,0,1,1,0,1,1,1,0,0,0,0,1,0,0,0,1,2.0809
1,1,0,1,0,1,0,1,0,0,1,0,0,1,0,0,0,1,10.9174
0,1,1,1,1,0,0,1,0,0,0,1,0,1,1,0,0,0,1.2426
0,0,1,1,0,1,0,1,0,0,0,1,0,1,0,0,1,0,0.6260
0,0,1,1,0,0,0,1,0,0,0,0,1,1,1,0,0,0,0.9324
1,0,1,0,1,0,0,1,0,0,0,0,1,1,0,1,0,0,37.7710
0,1,1,0,1,0,1,1,0,0,1,0,0,1,1,0,0,0,0.7822
1,1,0,1,0,1,0,1,0,1,0,0,0,1,1,0,0,0,5.8252
1,1,1,0,1,0,1,1,0,0,0,1,0,1,0,0,1,0,21.2720
0,0,0,1,1,0,0,1,0,1,0,0,0,1,0,0,0,1,0.4546
1,1,0,1,1,0,1,1,0,1,0,0,0,1,0,0,0,1,5.8540
1,0,0,0,0,1,0,1,0,1,0,0,0,1,0,1,0,0,6.5272
1,1,1,0,1,0,0,1,0,1,0,0,0,1,0,0,1,0,5.8457
1,1,1,1,0,1,1,1,0,0,0,1,0,1,0,0,0,1,21.2147
0,1,0,1,0,0,0,1,0,0,0,1,0,1,0,1,0,0,1.2543
0,1,0,1,0,0,1,1,1,0,0,0,0,1,1,0,0,0,0.3849
0,1,0,0,1,1,1,1,0,0,0,0,1,1,1,0,0,0,2.1688
0,1,1,1,0,0,0,1,0,0,0,0,1,1,0,0,0,1,2.3942
0,1,0,0,0,1,0,1,0,1,0,0,0,1,0,0,0,1,0.5061
0,0,1,0,1,0,0,1,0,1,0,0,0,1,1,0,0,0,0.4457
1,0,1,1,0,0,0,1,0,0,0,1,0,1,1,0,0,0,20.0278
1,0,0,0,1,0,0,1,0,0,0,0,1,1,0,0,1,0,37.8136
0,1,1,0,0,1,1,1,0,0,0,1,0,1,0,0,0,1,1.2688
0,1,0,1,1,1,0,1,1,0,0,0,0,1,1,0,0,0,0.3763
0,0,0,1,1,0,0,1,0,1,0,0,0,1,0,0,1,0,0.4544
1,1,0,0,0,0,0,1,1,0,0,0,0,1,0,0,1,0,2.0268
0,1,1,0,1,0,1,1,0,0,1,0,0,1,0,0,0,1,0.7822
0,1,0,1,0,1,0,1,0,0,0,0,1,1,0,0,1,0,2.0880
0,0,0,1,1,0,0,1,0,0,0,1,0,1,1,0,0,0,0.6371
0,1,1,1,0,0,0,1,1,0,0,0,0,1,0,0,0,1,0.3589
1,1,0,1,0,0,0,1,1,0,0,0,0,1,0,0,0,1,2.0244
0,0,0,0,0,1,0,1,1,0,0,0,0,1,0,0,1,0,0.5201
0,1,1,1,0,0,1,1,0,0,0,0,1,1,0,1,0,0,2.1343
1,1,1,1,1,0,0,1,0,1,0,0,0,1,0,1,0,0,5.8173
1,1,1,0,1,0,0,1,0,0,0,1,0,1,0,1,0,0,21.2652
0,0,1,0,1,1,1,1,0,1,0,0,0,1,0,0,1,0,0.4664
1,1,1,0,1,0,1,1,0,0,0,1,0,1,0,0,0,1,21.2877
0,0,0,1,0,0,1,1,0,0,0,1,0,1,0,0,1,0,0.6515
1,1,0,1,0,0,1,1,0,1,0,0,0,1,0,0,0,1,5.8713
1,1,0,0,1,0,0,1,0,1,0,0,0,1,0,0,0,1,5.8314
0,0,1,0,1,0,1,1,0,0,1,0,0,1,0,0,0,1,0.5129
0,0,1,1,0,1,0,1,0,1,0,0,0,1,0,0,1,0,0.4443
1,0,0,1,0,1,0,1,0,0,0,1,0,1,0,0,0,1,19.9932
1,0,0,1,0,0,0,1,0,0,0,0,1,1,0,0,0,1,37.8259
0,0,0,0,1,0,1,1,1,0,0,0,0,1,0,0,1,0,0.5696
0,1,1,1,0,1,0,1,1,0,0,0,0,1,0,0,0,1,0.3675
1,0,1,0,1,0,1,1,0,0,0,1,0,1,0,1,0,0,19.9904
1,0,0,0,1,0,0,1,0,1,0,0,0,1,0,0,1,0,6.5283
0,1,0,1,0,1,0,1,0,0,0,1,0,1,1,0,0,0,1.2570
1,0,0,0,0,1,0,1,0,0,0,1,0,1,1,0,0,0,20.0014
1,0,1,1,1,0,0,1,0,0,1,0,0,1,0,1,0,0,10.7379
0,0,1,1,0,1,1,1,0,1,0,0,0,1,0,0,0,1,0.4790
0,1,0,0,1,0,0,1,0,0,1,0,0,1,0,0,0,1,0.7508
0,1,0,1,0,1,1,1,0,0,0,1,0,1,1,0,0,0,1.2708
1,0,1,1,0,0,0,1,0,0,1,0,0,1,1,0,0,0,10.7394
1,1,1,0,0,1,0,1,0,1,0,0,0,1,0,0,0,1,5.8296
0,1,0,1,1,0,1,1,0,0,1,0,0,1,0,0,0,1,0.7731
0,1,1,1,0,1,1,1,0,1,0,0,0,1,0,0,1,0,0.5260
1,1,0,0,0,1,1,1,0,0,1,0,0,1,0,0,1,0,10.9013
1,1,0,1,0,0,0,1,0,0,1,0,0,1,0,0,0,1,10.9029
0,0,0,0,0,0,1,1,0,0,1,0,0,1,1,0,0,0,0.5068
0,1,1,0,1,0,0,1,0,0,0,1,0,1,0,0,0,1,1.2583
0,0,0,1,1,0,0,1,0,0,0,1,0,1,0,0,1,0,0.6414
1,0,0,1,0,1,0,1,0,1,0,0,0,1,0,0,0,1,6.5274
1,1,0,0,1,1,1,1,0,1,0,0,0,1,0,0,1,0,5.8521
0,0,1,0,0,0,1,1,0,1,0,0,0,1,1,0,0,0,0.4619
1,1,1,1,0,1,1,1,0,0,0,1,0,1,1,0,0,0,21.2034
0,0,0,1,1,1,1,1,0,0,0,0,1,1,0,0,0,1,0.9229
1,0,0,1,0,0,0,1,0,0,0,1,0,1,0,0,1,0,20.0015
1,0,1,1,0,1,1,1,0,0,0,1,0,1,1,0,0,0,19.9497
0,1,1,1,0,1,0,1,0,0,0,0,1,1,0,1,0,0,2.1163
0,1,1,1,0,1,0,1,0,0,0,1,0,1,1,0,0,0,1.2554
0,0,1,0,0,1,1,1,0,0,0,1,0,1,0,0,1,0,0.6414
1,1,1,0,1,1,0,1,0,0,0,1,0,1,1,0,0,0,21.3141
1,1,1,1,1,1,0,1,1,0,0,0,0,1,1,0,0,0,2.0416
1,1,0,0,1,0,0,1,0,0,0,1,0,1,0,0,1,0,21.3040
0,1,0,0,1,1,0,1,0,0,0,1,0,1,0,1,0,0,1.2546
0,1,0,0,0,1,1,1,1,0,0,0,0,1,0,0,0,1,0.3870
0,1,1,0,0,0,0,1,1,0,0,0,0,1,0,1,0,0,0.3671
1,1,0,0,1,1,0,1,1,0,0,0,0,1,1,0,0,0,2.0318
1,0,0,0,1,0,0,1,0,0,0,1,0,1,0,1,0,0,20.0257
0,1,1,0,0,1,0,1,0,1,0,0,0,1,0,1,0,0,0.5156
0,1,1,0,0,1,0,1,0,0,0,0,1,1,1,0,0,0,2.1103
1,0,0,0,0,1,0,1,0,0,1,0,0,1,1,0,0,0,10.7252
0,1,0,0,0,0,1,1,0,1,0,0,0,1,0,1,0,0,0.5372
1,0,1,0,0,1,1,1,0,0,1,0,0,1,1,0,0,0,10.7065
1,1,1,0,1,1,0,1,1,0,0,0,0,1,1,0,0,0,2.0343
1,1,1,1,0,0,0,1,1,0,0,0,0,1,0,0,1,0,2.0435
1,0,0,1,1,0,1,1,0,0,0,1,0,1,1,0,0,0,19.9631
1,0,0,1,0,1,0,1,0,0,1,0,0,1,0,0,0,1,10.7426
1,1,0,0,1,1,1,1,0,1,0,0,0,1,0,0,0,1,5.8643
0,1,0,0,1,1,1,1,0,0,0,0,1,1,0,0,0,1,2.1594
0,1,1,1,0,0,0,1,1,0,0,0,0,1,0,0,1,0,0.3564
0,0,0,0,0,0,0,1,0,0,1,0,0,1,1,0,0,0,0.4820
1,1,1,0,0,1,1,1,0,0,1,0,0,1,0,0,1,0,10.9392
0,0,1,0,1,0,0,1,0,0,0,1,0,1,0,1,0,0,0.6332
1,0,1,0,0,1,0,1,0,0,0,0,1,1,0,0,0,1,37.8252
1,0,0,0,1,0,1,1,0,0,0,1,0,1,1,0,0,0,19.9112
0,1,0,0,0,0,1,1,0,0,1,0,0,1,0,0,1,0,0.7724
0,1,0,0,1,0,1,1,1,0,0,0,0,1,0,1,0,0,0.3889
1,0,0,1,1,0,0,1,1,0,0,0,0,1,1,0,0,0,3.2100
0,0,1,0,0,1,0,1,1,0,0,0,0,1,0,1,0,0,0.5345
0,1,0,0,0,0,0,1,0,0,0,1,0,1,1,0,0,0,1.2534
1,0,0,0,0,0,1,1,0,0,0,0,1,1,0,0,1,0,37.6505
1,0,1,0,0,0,1,1,0,1,0,0,0,1,0,0,0,1,6.5364
0,0,1,0,0,0,1,1,0,1,0,0,0,1,0,0,0,1,0.4633
0,1,0,0,1,1,0,1,1,0,0,0,0,1,0,0,1,0,0.3652
0,0,1,0,0,1,1,1,0,1,0,0,0,1,0,0,1,0,0.4681
0,1,0,0,1,0,0,1,0,0,0,1,0,1,0,0,0,1,1.2569
0,0,1,0,1,1,1,1,0,0,0,0,1,1,1,0,0,0,0.9242
1,1,0,1,1,0,1,1,0,0,1,0,0,1,1,0,0,0,10.9373
0,1,0,1,1,0,1,1,0,0,0,1,0,1,1,0,0,0,1.3092
1,1,1,0,0,0,0,1,1,0,0,0,0,1,0,0,0,1,2.0361
0,0,0,1,0,0,0,1,0,0,0,1,0,1,0,0,0,1,0.6457
1,1,0,1,1,1,1,1,0,1,0,0,0,1,1,0,0,0,5.8585
1,1,1,1,1,0,0,1,0,1,0,0,0,1,1,0,0,0,5.8170
0,0,1,0,0,1,1,1,1,0,0,0,0,1,0,1,0,0,0.5802
1,1,1,1,0,1,0,1,0,0,0,0,1,1,0,0,1,0,39.0128
1,0,0,0,0,1,0,1,0,0,0,1,0,1,0,1,0,0,19.9746
0,0,0,0,0,0,0,1,0,0,0,0,1,1,0,0,0,1,0.9098
1,0,1,0,1,0,0,1,0,0,1,0,0,1,1,0,0,0,10.7301
0,1,1,1,1,1,0,1,0,0,0,0,1,1,0,0,0,1,2.0878
1,1,0,0,1,1,0,1,1,0,0,0,0,1,0,1,0,0,2.0358
0,1,0,1,0,1,0,1,1,0,0,0,0,1,0,0,1,0,0.3696
1,1,1,0,1,1,1,1,0,0,0,1,0,1,0,1,0,0,21.2463
1,1,0,0,0,0,0,1,0,1,0,0,0,1,0,0,0,1,5.8370
1,0,1,0,1,1,1,1,0,1,0,0,0,1,0,0,0,1,6.5519
0,0,0,1,1,0,1,1,0,0,1,0,0,1,0,0,0,1,0.5150
1,0,1,1,1,1,0,1,0,0,0,1,0,1,0,0,1,0,19.9812
1,0,0,1,1,0,1,1,0,0,0,0,1,1,0,0,1,0,37.6069
0,1,1,1,1,1,1,1,0,1,0,0,0,1,0,0,0,1,0.5325
0,1,0,0,1,0,1,1,0,0,0,0,1,1,0,1,0,0,2.1499
0,0,0,1,0,0,0,1,0,0,0,1,0,1,0,0,1,0,0.6405
1,0,0,1,1,1,1,1,1,0,0,0,0,1,0,0,1,0,3.2801
0,1,0,0,0,1,0,1,0,0,1,0,0,1,0,1,0,0,0.7378
0,1,0,1,0,1,0,1,0,0,0,0,1,1,1,0,0,0,2.1259
0,0,1,0,1,1,1,1,0,0,0,1,0,1,0,0,1,0,0.6422
0,0,0,0,0,0,1,1,0,0,0,0,1,1,0,0,0,1,0.9447
1,1,0,1,0,0,0,1,0,1,0,0,0,1,1,0,0,0,5.8130
0,0,1,1,1,0,1,1,0,0,1,0,0,1,1,0,0,0,0.5199
0,0,0,1,1,0,1,1,0,0,0,1,0,1,0,1,0,0,0.6435
1,0,0,1,0,0,0,1,0,1,0,0,0,1,1,0,0,0,6.4875
1,0,0,0,0,0,1,1,0,1,0,0,0,1,0,0,1,0,6.5287
0,1,0,0,1,0,1,1,0,1,0,0,0,1,0,0,1,0,0.5393
0,0,1,1,1,1,1,1,0,0,0,1,0,1,0,1,0,0,0.6412
0,1,0,1,0,1,1,1,1,0,0,0,0,1,0,0,0,1,0.3898
1,1,0,1,0,0,0,1,0,0,0,1,0,1,1,0,0,0,21.2725
1,0,1,1,1,1,0,1,0,0,1,0,0,1,0,0,0,1,10.7213
1,0,1,0,1,1,0,1,0,0,0,0,1,1,1,0,0,0,37.8513
0,1,1,0,0,1,1,1,1,0,0,0,0,1,1,0,0,0,0.3943
1,1,0,1,0,0,1,1,0,0,1,0,0,1,0,0,1,0,10.9563
1,1,0,1,0,1,0,1,0,0,0,0,1,1,0,0,1,0,39.0174
1,0,1,0,0,1,0,1,0,0,0,1,0,1,0,1,0,0,20.0014
1,1,1,1,0,1,1,1,0,1,0,0,0,1,0,1,0,0,5.8484
1,0,1,0,1,1,1,1,0,1,0,0,0,1,1,0,0,0,6.5501
0,0,0,0,1,1,0,1,0,0,1,0,0,1,1,0,0,0,0.5005
1,0,0,1,0,1,1,1,1,0,0,0,0,1,0,0,0,1,3.2566
1,1,0,0,0,0,1,1,0,0,0,1,0,1,0,1,0,0,21.2656
1,0,0,1,1,1,0,1,0,1,0,0,0,1,1,0,0,0,6.5152
0,0,1,0,0,0,0,1,0,1,0,0,0,1,0,0,1,0,0.4493
1,1,0,0,1,0,0,1,0,0,0,0,1,1,0,0,0,1,39.0678
1,1,1,1,1,1,1,1,0,0,0,1,0,1,0,0,1,0,21.1980
0,1,1,1,1,0,0,1,1,0,0,0,0,1,1,0,0,0,0.3629
1,1,0,0,1,0,1,1,0,1,0,0,0,1,0,0,1,0,5.8559
0,0,0,0,0,1,1,1,0,0,0,0,1,1,0,0,1,0,0.9178
1,0,0,1,1,1,1,1,0,1,0,0,0,1,0,0,0,1,6.5274
0,0,0,0,1,1,1,1,0,1,0,0,0,1,0,1,0,0,0.4684
1,0,0,1,1,1,0,1,0,1,0,0,0,1,0,0,0,1,6.5171
0,0,1,0,0,0,1,1,0,0,0,1,0,1,0,1,0,0,0.6404
1,0,1,0,1,0,1,1,0,1,0,0,0,1,1,0,0,0,6.5311
0,0,1,1,0,0,0,1,0,1,0,0,0,1,0,1,0,0,0.4521
0,1,1,1,1,1,0,1,0,0,0,1,0,1,0,0,0,1,1.2745
1,1,0,1,1,1,1,1,0,0,0,0,1,1,0,0,0,1,38.9317
1,1,0,0,0,0,1,1,0,0,1,0,0,1,0,0,1,0,10.9543
0,1,1,1,1,0,0,1,0,0,0,0,1,1,0,1,0,0,2.3957
0,1,0,1,1,1,0,1,1,0,0,0,0,1,0,0,1,0,0.3701
0,0,0,0,0,1,0,1,0,0,0,0,1,1,0,0,0,1,0.9167
0,0,0,0,0,0,0,1,1,0,0,0,0,1,0,0,1,0,0.5022
1,0,1,1,1,1,0,1,0,0,1,0,0,1,0,0,1,0,10.7419
1,1,1,0,1,1,0,1,0,0,0,0,1,1,0,0,0,1,39.0850
0,0,0,0,0,1,0,1,0,0,0,0,1,1,0,1,0,0,0.9146
1,0,1,1,1,0,1,1,0,0,1,0,0,1,1,0,0,0,10.7133
0,1,0,0,0,0,1,1,0,0,0,1,0,1,0,0,0,1,1.3070
0,0,1,0,1,1,0,1,0,0,0,0,1,1,0,0,1,0,0.9300
1,1,1,1,0,0,1,1,0,0,1,0,0,1,0,0,0,1,10.9284
1,0,1,1,0,1,0,1,0,0,0,0,1,1,0,0,0,1,37.8490
1,0,0,0,1,1,1,1,1,0,0,0,0,1,0,0,1,0,3.3024
0,1,0,0,1,1,0,1,1,0,0,0,0,1,0,0,0,1,0.3614
0,0,1,1,0,1,1,1,1,0,0,0,0,1,0,1,0,0,0.5827
0,1,1,0,0,1,0,1,0,0,1,0,0,1,0,0,1,0,0.7479
1,0,0,1,0,0,1,1,1,0,0,0,0,1,1,0,0,0,3.2860
0,1,0,0,0,1,0,1,0,0,0,1,0,1,0,0,1,0,1.2437
0,0,0,1,0,1,1,1,0,0,0,0,1,1,0,1,0,0,0.9206
0,1,1,0,1,0,0,1,0,1,0,0,0,1,0,0,0,1,0.5128
0,1,1,1,0,1,0,1,0,0,1,0,0,1,0,0,1,0,0.7470
1,0,1,1,0,0,1,1,0,0,0,1,0,1,1,0,0,0,19.9787
0,0,0,0,1,0,1,1,0,0,1,0,0,1,0,0,0,1,0.5088
0,1,1,0,1,0,0,1,1,0,0,0,0,1,0,0,1,0,0.3635
1,1,0,0,1,0,1,1,0,1,0,0,0,1,1,0,0,0,5.8566
0,1,1,0,1,0,1,1,0,0,0,0,1,1,0,0,1,0,2.1485
0,1,0,0,0,1,1,1,0,0,0,1,0,1,0,0,1,0,1.2551
0,1,1,0,0,1,0,1,1,0,0,0,0,1,0,1,0,0,0.3760
0,0,1,0,1,0,1,1,0,0,0,1,0,1,0,0,1,0,0.6391
0,1,1,0,0,0,0,1,1,0,0,0,0,1,0,0,1,0,0.3606
1,1,1,1,1,0,0,1,0,1,0,0,0,1,0,0,0,1,5.8299
1,0,1,1,0,1,1,1,0,0,1,0,0,1,0,1,0,0,10.7522
1,1,0,1,0,1,1,1,1,0,0,0,0,1,0,0,1,0,2.0748
0,1,1,1,0,1,1,1,0,0,0,1,0,1,0,0,0,1,1.2644
1,1,1,0,1,0,1,1,1,0,0,0,0,1,0,1,0,0,2.0922
1,0,1,0,1,1,1,1,0,0,0,1,0,1,0,0,1,0,19.9225
0,1,1,0,1,0,1,1,0,0,1,0,0,1,0,0,1,0,0.7836
1,0,1,1,1,1,0,1,0,1,0,0,0,1,1,0,0,0,6.4945
1,1,0,1,1,1,1,1,0,1,0,0,0,1,0,1,0,0,5.8511
1,1,1,0,0,1,0,1,1,0,0,0,0,1,1,0,0,0,2.0325
1,1,1,0,0,0,0,1,1,0,0,0,0,1,0,1,0,0,2.0436
0,0,0,1,1,1,0,1,1,0,0,0,0,1,0,0,1,0,0.5217
1,1,0,0,0,1,0,1,0,1,0,0,0,1,0,1,0,0,5.8309
0,1,1,1,1,0,1,1,0,0,0,1,0,1,0,0,0,1,1.3172
0,1,1,1,0,0,0,1,1,0,0,0,0,1,0,1,0,0,0.3552
1,1,0,1,1,1,1,1,1,0,0,0,0,1,0,0,0,1,2.0704
0,1,0,1,0,0,1,1,1,0,0,0,0,1,0,0,0,1,0.3831
0,1,1,1,1,1,0,1,0,0,0,0,1,1,0,1,0,0,2.0975
1,0,0,1,0,0,1,1,0,1,0,0,0,1,0,0,1,0,6.5312
0,1,0,1,1,0,1,1,0,0,0,1,0,1,0,0,0,1,1.3123
1,1,1,1,0,1,1,1,1,0,0,0,0,1,0,0,1,0,2.0751
1,1,1,0,1,1,1,1,0,1,0,0,0,1,0,0,1,0,5.8540
1,1,1,1,0,0,0,1,1,0,0,0,0,1,1,0,0,0,2.0396
1,0,0,1,0,0,1,1,0,0,1,0,0,1,1,0,0,0,10.7237
1,0,1,1,0,1,1,1,0,0,0,0,1,1,0,0,0,1,37.7296
1,1,1,1,1,0,0,1,1,0,0,0,0,1,0,0,0,1,2.0204
0,1,1,0,1,1,1,1,1,0,0,0,0,1,1,0,0,0,0.3834
1,0,1,1,1,1,0,1,0,1,0,0,0,1,0,0,0,1,6.5038
1,0,0,0,0,0,1,1,0,0,1,0,0,1,1,0,0,0,10.7330
1,0,1,1,1,0,0,1,0,0,0,0,1,1,0,0,0,1,37.8359
1,1,1,0,0,0,1,1,1,0,0,0,0,1,1,0,0,0,2.0661
1,1,1,1,0,1,0,1,0,0,0,1,0,1,1,0,0,0,21.2428
0,1,0,0,0,1,0,1,1,0,0,0,0,1,0,0,1,0,0.3596
1,1,0,0,0,1,1,1,0,0,1,0,0,1,1,0,0,0,10.8962
0,0,0,0,1,1,1,1,0,0,1,0,0,1,0,0,1,0,0.5130
0,1,1,0,1,1,0,1,1,0,0,0,0,1,0,1,0,0,0.3671
0,1,1,0,1,0,0,1,0,1,0,0,0,1,0,0,1,0,0.5111
1,1,0,1,1,0,1,1,0,0,0,0,1,1,0,0,0,1,38.8634
0,1,0,0,0,0,1,1,0,0,0,0,1,1,0,0,0,1,2.1464
0,0,1,0,0,1,0,1,0,0,1,0,0,1,0,1,0,0,0.5064
1,0,0,1,1,1,1,1,0,0,0,1,0,1,0,1,0,0,19.9232
1,1,1,0,1,1,1,1,0,1,0,0,0,1,0,0,0,1,5.8584
1,0,1,1,1,1,1,1,1,0,0,0,0,1,1,0,0,0,3.2853
1,0,0,0,1,0,1,1,0,0,0,0,1,1,1,0,0,0,37.6257
1,1,0,1,0,0,0,1,0,1,0,0,0,1,0,0,0,1,5.8267
0,0,1,0,1,1,0,1,0,0,0,1,0,1,1,0,0,0,0.6339
1,0,0,1,0,1,1,1,0,0,0,0,1,1,0,0,1,0,37.5939
0,0,1,1,1,0,0,1,0,0,0,1,0,1,1,0,0,0,0.6247
1,1,1,0,1,1,1,1,0,1,0,0,0,1,1,0,0,0,5.8617
0,0,0,0,1,0,0,1,0,0,1,0,0,1,1,0,0,0,0.4851
1,0,0,1,1,0,0,1,0,0,0,1,0,1,1,0,0,0,20.0173
1,0,0,0,1,1,0,1,0,0,0,0,1,1,0,1,0,0,37.7288
0,1,1,0,1,0,1,1,0,1,0,0,0,1,0,1,0,0,0.5452
1,0,1,1,0,1,1,1,0,0,0,0,1,1,0,0,1,0,37.7435
1,1,1,1,1,1,0,1,0,1,0,0,0,1,1,0,0,0,5.8321
1,0,1,0,0,0,1,1,1,0,0,0,0,1,0,0,0,1,3.2865
1,0,1,0,0,1,0,1,1,0,0,0,0,1,0,0,0,1,3.2377
0,1,1,1,0,0,0,1,0,0,0,1,0,1,1,0,0,0,1.2448
0,0,1,1,0,1,0,1,0,0,1,0,0,1,0,1,0,0,0.4987
0,0,1,0,1,1,0,1,0,0,0,0,1,1,1,0,0,0,0.9250
1,1,0,0,0,1,0,1,0,0,0,0,1,1,0,0,0,1,39.0341
1,0,0,1,1,0,1,1,0,0,1,0,0,1,0,1,0,0,10.7476
0,0,1,0,0,1,1,1,0,0,1,0,0,1,0,1,0,0,0.5202
0,1,1,0,0,0,0,1,0,0,0,1,0,1,0,0,0,1,1.2537
1,0,0,1,1,0,0,1,0,0,1,0,0,1,0,0,0,1,10.7319
0,1,1,1,1,1,0,1,0,1,0,0,0,1,1,0,0,0,0.5174
0,1,1,1,0,0,1,1,1,0,0,0,0,1,1,0,0,0,0.3825
0,1,1,1,0,0,1,1,0,1,0,0,0,1,0,0,1,0,0.5388
1,1,1,1,0,1,0,1,0,0,1,0,0,1,0,1,0,0,10.9261
0,1,1,0,0,1,0,1,0,0,1,0,0,1,0,0,0,1,0.7475
0,0,1,0,1,0,1,1,1,0,0,0,0,1,0,0,1,0,0.5668
1,0,1,0,1,1,0,1,0,0,0,1,0,1,0,1,0,0,20.0094
0,1,0,0,0,0,1,1,0,0,1,0,0,1,0,1,0,0,0.7764
1,0,0,1,1,0,1,1,0,0,0,0,1,1,0,0,0,1,37.6527
1,1,1,0,1,1,1,1,1,0,0,0,0,1,0,1,0,0,2.0865
0,1,0,1,1,1,1,1,0,0,1,0,0,1,0,0,1,0,0.7566
1,1,1,0,0,1,0,1,0,0,0,1,0,1,0,0,1,0,21.3124
1,1,0,1,1,1,0,1,0,1,0,0,0,1,1,0,0,0,5.8173
0,0,1,1,1,0,1,1,1,0,0,0,0,1,0,0,0,1,0.5795
0,1,0,0,1,0,0,1,1,0,0,0,0,1,0,1,0,0,0.3695
0,1,1,1,1,0,1,1,0,0,0,0,1,1,0,1,0,0,2.1470
1,1,1,1,1,0,0,1,1,0,0,0,0,1,1,0,0,0,2.0307
1,0,1,0,0,0,0,1,0,0,1,0,0,1,1,0,0,0,10.7496
1,1,0,0,0,1,1,1,0,0,0,0,1,1,1,0,0,0,38.8937
1,1,1,0,0,1,1,1,0,0,0,0,1,1,0,1,0,0,38.8806
0,0,0,0,0,0,0,1,1,0,0,0,0,1,1,0,0,0,0.5029
1,0,0,1,0,0,1,1,0,0,0,0,1,1,0,0,0,1,37.6974
0,0,0,1,0,1,1,1,0,0,1,0,0,1,1,0,0,0,0.5206
1,1,0,0,0,0,1,1,0,0,0,0,1,1,0,1,0,0,38.9345
1,1,1,1,1,0,1,1,0,1,0,0,0,1,0,0,1,0,5.8378
0,0,1,0,1,1,1,1,1,0,0,0,0,1,0,1,0,0,0.5703
0,0,0,0,0,1,0,1,0,0,0,1,0,1,0,0,0,1,0.6356
0,1,1,1,0,1,1,1,1,0,0,0,0,1,0,1,0,0,0.3917
0,1,1,1,1,1,1,1,0,0,1,0,0,1,0,0,1,0,0.7530
0,0,1,1,1,1,0,1,0,0,0,0,1,1,0,0,0,1,0.9118
1,0,0,0,0,1,1,1,1,0,0,0,0,1,0,0,1,0,3.2556
0,1,1,1,0,1,0,1,0,0,0,0,1,1,0,0,0,1,2.1175
0,1,1,1,1,0,1,1,1,0,0,0,0,1,1,0,0,0,0.3855
1,1,0,1,1,1,0,1,0,0,1,0,0,1,0,0,0,1,10.9041
0,0,0,1,1,0,0,1,1,0,0,0,0,1,0,0,1,0,0.5268
0,0,1,0,1,1,1,1,0,0,0,0,1,1,0,0,0,1,0.9176
1,1,1,1,0,0,1,1,0,1,0,0,0,1,1,0,0,0,5.8602
0,0,0,0,0,0,1,1,0,0,0,0,1,1,0,1,0,0,0.9473
0,0,0,1,0,0,0,1,0,1,0,0,0,1,0,0,1,0,0.4609
0,0,1,1,1,1,0,1,1,0,0,0,0,1,1,0,0,0,0.5216
0,0,0,1,1,0,1,1,1,0,0,0,0,1,1,0,0,0,0.5773
1,1,0,0,1,1,0,1,0,0,0,0,1,1,1,0,0,0,39.0130
1,1,0,0,1,0,1,1,0,1,0,0,0,1,0,1,0,0,5.8519
1,1,1,0,1,1,1,1,0,0,1,0,0,1,0,1,0,0,10.9401
0,0,1,1,0,0,1,1,0,1,0,0,0,1,0,0,0,1,0.4735
0,0,0,0,1,0,1,1,0,0,0,1,0,1,0,0,0,1,0.6366
0,0,1,1,1,0,1,1,0,0,0,1,0,1,0,0,0,1,0.6469
0,1,1,0,0,1,0,1,0,1,0,0,0,1,0,0,1,0,0.5103
0,1,0,0,0,0,0,1,0,1,0,0,0,1,1,0,0,0,0.5155
0,0,1,0,1,1,1,1,0,0,1,0,0,1,1,0,0,0,0.5169
0,0,0,1,0,1,0,1,0,1,0,0,0,1,0,1,0,0,0.4484
0,0,1,0,0,1,0,1,0,0,1,0,0,1,0,0,1,0,0.5059
1,0,0,1,1,0,0,1,0,0,1,0,0,1,1,0,0,0,10.7322
0,1,0,1,1,0,0,1,0,0,1,0,0,1,0,0,0,1,0.7640
1,1,0,1,1,1,0,1,0,1,0,0,0,1,0,1,0,0,5.8275
0,1,0,1,0,1,0,1,0,0,1,0,0,1,0,0,1,0,0.7387
0,0,0,1,1,1,0,1,1,0,0,0,0,1,0,0,0,1,0.5236
0,0,0,0,1,0,0,1,1,0,0,0,0,1,0,0,1,0,0.5076
1,0,0,0,1,0,1,1,0,0,0,0,1,1,0,0,1,0,37.6434
1,1,1,1,0,1,0,1,0,1,0,0,0,1,1,0,0,0,5.8315
0,1,0,1,1,1,1,1,0,0,0,1,0,1,0,1,0,0,1.2665
1,0,0,1,0,0,1,1,0,0,1,0,0,1,0,0,1,0,10.7295
1,1,1,1,1,1,0,1,1,0,0,0,0,1,0,1,0,0,2.0407
0,0,1,1,1,0,1,1,0,0,1,0,0,1,0,0,0,1,0.5189
0,0,1,0,0,0,1,1,0,0,1,0,0,1,1,0,0,0,0.5100
1,0,0,0,1,1,1,1,0,0,0,1,0,1,0,0,0,1,19.9789
1,1,1,0,1,0,0,1,0,1,0,0,0,1,0,1,0,0,5.8434
0,0,0,1,1,1,1,1,0,0,1,0,0,1,0,0,0,1,0.5209
0,0,1,0,0,0,0,1,0,1,0,0,0,1,1,0,0,0,0.4492
0,0,0,1,0,0,1,1,0,1,0,0,0,1,0,1,0,0,0.4761
0,1,1,1,1,0,1,1,0,1,0,0,0,1,1,0,0,0,0.5394
0,0,1,0,0,1,0,1,0,0,0,1,0,1,0,0,0,1,0.6382
0,0,1,1,1,1,1,1,0,0,1,0,0,1,1,0,0,0,0.5210
1,1,1,1,1,0,0,1,0,1,0,0,0,1,0,0,1,0,5.8309
0,0,0,0,1,1,0,1,0,0,1,0,0,1,0,1,0,0,0.4997
1,1,0,1,1,0,1,1,1,0,0,0,0,1,0,0,1,0,2.0794
1,1,0,0,0,0,0,1,0,0,0,0,1,1,1,0,0,0,39.0532
0,0,1,0,1,1,0,1,1,0,0,0,0,1,0,0,1,0,0.5297
1,0,1,0,0,1,0,1,0,1,0,0,0,1,0,0,0,1,6.5290
0,1,0,1,0,1,0,1,0,0,0,1,0,1,0,0,0,1,1.2557
1,0,1,0,0,0,0,1,0,0,0,1,0,1,0,0,0,1,20.0239
0,0,1,1,1,0,0,1,0,0,0,1,0,1,0,0,1,0,0.6291
1,1,1,0,0,1,0,1,0,0,0,0,1,1,0,0,0,1,39.0384
1,1,0,1,0,0,1,1,0,1,0,0,0,1,1,0,0,0,5.8659
1,1,1,1,1,1,0,1,0,1,0,0,0,1,0,0,1,0,5.8320
0,1,1,1,0,1,1,1,0,0,0,0,1,1,0,0,0,1,2.1505
1,0,0,0,1,0,1,1,0,0,0,0,1,1,0,1,0,0,37.5656
0,0,1,0,1,1,1,1,0,1,0,0,0,1,0,0,0,1,0.4679
0,0,0,1,1,0,1,1,0,0,0,1,0,1,0,0,1,0,0.6428
0,0,0,0,0,1,0,1,0,0,0,1,0,1,0,1,0,0,0.6337
0,1,1,0,1,0,1,1,0,0,0,1,0,1,0,0,0,1,1.3158
1,1,0,0,1,0,1,1,1,0,0,0,0,1,1,0,0,0,2.0703
1,1,1,1,0,1,1,1,1,0,0,0,0,1,1,0,0,0,2.0723
1,0,1,1,0,1,1,1,0,1,0,0,0,1,0,0,0,1,6.5552
0,0,0,0,0,0,0,1,1,0,0,0,0,1,0,1,0,0,0.5044
1,1,0,1,0,1,0,1,0,0,0,1,0,1,0,1,0,0,21.2265
0,1,0,0,1,0,1,1,0,0,0,1,0,1,0,1,0,0,1.3105
1,1,0,1,0,1,0,1,0,1,0,0,0,1,0,0,1,0,5.8248
1,0,0,0,1,0,0,1,0,1,0,0,0,1,1,0,0,0,6.5161
1,0,0,0,0,0,0,1,0,0,0,0,1,1,0,0,1,0,37.8377
1,1,0,1,1,0,1,1,0,0,0,1,0,1,0,0,1,0,21.2562
1,0,0,1,0,0,1,1,0,0,0,0,1,1,0,1,0,0,37.7010
1,0,1,1,1,0,0,1,0,0,1,0,0,1,1,0,0,0,10.7313
1,0,0,0,1,1,0,1,0,0,1,0,0,1,1,0,0,0,10.7358
1,0,1,0,0,0,0,1,0,0,0,0,1,1,0,0,1,0,37.8012
1,1,0,0,1,0,1,1,0,0,0,1,0,1,0,1,0,0,21.2481
0,1,0,0,0,0,0,1,0,1,0,0,0,1,0,0,0,1,0.5151
1,0,0,1,1,1,1,1,0,1,0,0,0,1,1,0,0,0,6.5220
0,0,1,0,1,1,1,1,0,0,1,0,0,1,0,0,0,1,0.5180
0,1,1,1,1,0,1,1,0,0,0,1,0,1,1,0,0,0,1.3084
0,0,0,0,1,1,0,1,0,0,0,1,0,1,0,1,0,0,0.6307
0,0,0,1,1,0,0,1,0,1,0,0,0,1,0,1,0,0,0.4525
1,1,0,1,1,0,0,1,0,0,1,0,0,1,0,0,1,0,10.9006
0,0,0,0,1,1,1,1,0,0,0,0,1,1,0,0,0,1,0.9221
1,1,0,1,1,1,1,1,0,0,0,1,0,1,0,1,0,0,21.2674
1,1,1,1,1,1,0,1,0,1,0,0,0,1,0,0,0,1,5.8494
0,1,0,0,1,0,1,1,0,0,0,0,1,1,0,0,1,0,2.1592
1,0,0,1,1,0,0,1,0,0,0,1,0,1,0,0,1,0,19.9921
1,0,0,1,1,0,0,1,0,1,0,0,0,1,1,0,0,0,6.5015
1,0,0,0,0,1,1,1,0,0,0,1,0,1,0,0,1,0,19.9054
0,1,1,0,1,0,1,1,1,0,0,0,0,1,1,0,0,0,0.3941
0,0,0,0,0,1,1,1,0,0,0,0,1,1,1,0,0,0,0.9225
0,0,1,1,0,0,0,1,0,0,0,0,1,1,0,1,0,0,0.9280
1,0,1,1,0,0,0,1,0,0,1,0,0,1,0,0,0,1,10.7364
0,0,1,1,1,0,0,1,0,0,1,0,0,1,0,0,1,0,0.4975
1,1,1,1,1,1,1,1,0,1,0,0,0,1,1,0,0,0,5.8455
0,1,0,0,1,0,1,1,0,0,0,0,1,1,1,0,0,0,2.1508
0,0,0,0,0,0,1,1,0,0,1,0,0,1,0,0,0,1,0.5085
1,0,0,1,0,1,0,1,0,0,0,1,0,1,0,1,0,0,20.0124
1,1,1,1,0,0,0,1,0,0,1,0,0,1,1,0,0,0,10.9026
0,1,1,0,0,0,1,1,0,0,0,0,1,1,0,1,0,0,2.1454
1,1,0,0,1,0,0,1,1,0,0,0,0,1,0,0,0,1,2.0293
0,1,1,0,0,0,1,1,0,0,0,0,1,1,0,0,0,1,2.1411
0,0,1,1,0,0,1,1,1,0,0,0,0,1,0,0,0,1,0.5759
0,0,0,1,0,0,0,1,0,0,0,0,1,1,0,0,1,0,0.9298
1,1,1,1,1,0,1,1,1,0,0,0,0,1,1,0,0,0,2.0606
0,0,1,0,1,0,0,1,0,0,1,0,0,1,0,0,0,1,0.4967
1,0,1,0,0,1,0,1,0,0,1,0,0,1,0,0,1,0,10.7320
1,0,1,0,1,0,1,1,1,0,0,0,0,1,0,0,1,0,3.2814
1,1,1,0,0,0,1,1,0,0,1,0,0,1,0,0,1,0,10.9266
1,1,1,0,0,1,0,1,0,0,1,0,0,1,0,0,1,0,10.9294
1,0,1,1,0,0,1,1,0,0,0,0,1,1,0,0,0,1,37.6331
0,0,1,0,1,0,1,1,0,0,0,0,1,1,0,0,0,1,0.9545
1,0,1,0,1,0,1,1,0,0,0,1,0,1,0,0,1,0,19.9344
1,1,0,0,1,0,1,1,0,0,1,0,0,1,0,0,1,0,10.9241
1,0,0,1,0,1,0,1,0,0,0,0,1,1,0,1,0,0,37.8185
1,0,0,1,1,0,1,1,0,0,1,0,0,1,0,0,1,0,10.7161
1,1,0,0,0,0,1,1,0,1,0,0,0,1,0,0,1,0,5.8605
0,0,1,1,1,0,1,1,0,0,0,1,0,1,1,0,0,0,0.6470
1,1,0,1,0,1,0,1,0,1,0,0,0,1,0,0,0,1,5.8256
1,1,1,1,1,0,0,1,0,0,1,0,0,1,0,0,0,1,10.9178
1,1,0,1,0,1,0,1,0,0,0,0,1,1,0,1,0,0,38.9634
0,0,0,1,1,1,0,1,0,0,1,0,0,1,0,0,1,0,0.5058
1,1,0,0,0,0,1,1,0,0,0,0,1,1,1,0,0,0,38.9396
1,0,0,1,0,0,1,1,0,0,0,1,0,1,1,0,0,0,19.9786
1,0,1,0,1,0,0,1,0,0,1,0,0,1,0,0,1,0,10.7410
1,1,0,1,1,0,1,1,1,0,0,0,0,1,0,1,0,0,2.0831
0,0,1,1,0,1,1,1,0,0,0,0,1,1,1,0,0,0,0.9315
0,0,0,0,1,1,1,1,1,0,0,0,0,1,0,0,0,1,0.5693
0,1,1,1,1,1,1,1,0,1,0,0,0,1,1,0,0,0,0.5322
1,0,0,1,0,1,0,1,0,0,0,0,1,1,1,0,0,0,37.7662
0,1,0,0,1,0,0,1,0,0,0,0,1,1,0,0,1,0,2.3697
0,1,1,1,1,0,0,1,0,1,0,0,0,1,0,1,0,0,0.5131
0,0,0,1,0,0,1,1,0,0,1,0,0,1,0,1,0,0,0.5277
1,0,1,1,0,1,1,1,1,0,0,0,0,1,1,0,0,0,3.3166
1,1,1,0,1,0,0,1,0,1,0,0,0,1,1,0,0,0,5.8353
0,0,1,1,0,1,1,1,0,0,0,0,1,1,0,0,0,1,0.9385
0,1,1,1,0,1,1,1,0,0,0,1,0,1,0,0,1,0,1.2627
1,1,0,0,1,1,1,1,1,0,0,0,0,1,0,0,0,1,2.0846
1,1,0,1,1,0,1,1,0,0,0,0,1,1,0,0,1,0,38.8089
1,1,0,1,0,1,0,1,0,0,1,0,0,1,1,0,0,0,10.8977
1,0,1,1,1,0,0,1,0,0,0,0,1,1,0,1,0,0,37.7617
0,0,0,0,0,1,0,1,0,0,0,0,1,1,0,0,1,0,0.9147
0,0,0,0,0,1,1,1,1,0,0,0,0,1,0,0,0,1,0.5683
1,1,0,0,1,0,1,1,0,0,0,1,0,1,0,0,1,0,21.2739
1,1,0,1,0,0,0,1,0,1,0,0,0,1,0,1,0,0,5.8257
0,1,1,1,1,0,0,1,1,0,0,0,0,1,0,0,1,0,0.3625
0,1,1,1,1,1,1,1,0,0,1,0,0,1,0,1,0,0,0.7576
1,0,0,0,0,1,0,1,0,0,0,0,1,1,0,0,1,0,37.7611
0,1,0,1,0,1,1,1,0,1,0,0,0,1,0,0,0,1,0.5278
1,1,0,0,0,1,1,1,1,0,0,0,0,1,0,0,0,1,2.0651
1,1,0,1,0,0,1,1,0,0,0,1,0,1,1,0,0,0,21.2473
0,1,0,1,0,1,0,1,0,0,1,0,0,1,0,1,0,0,0.7459
0,0,0,1,1,1,0,1,0,0,0,1,0,1,1,0,0,0,0.6316
0,1,1,0,1,0,1,1,1,0,0,0,0,1,0,1,0,0,0.3957
1,0,0,0,1,0,0,1,0,0,0,1,0,1,0,0,0,1,20.0085
0,0,0,1,0,1,0,1,0,0,0,1,0,1,1,0,0,0,0.6347
1,1,1,0,0,1,0,1,0,0,0,1,0,1,0,0,0,1,21.2885
1,0,0,1,0,0,0,1,0,0,1,0,0,1,0,1,0,0,10.7229
0,1,0,0,0,0,0,1,0,1,0,0,0,1,0,1,0,0,0.5157
1,0,1,1,0,0,1,1,0,0,0,0,1,1,1,0,0,0,37.6642
0,1,0,0,1,0,0,1,0,0,0,1,0,1,1,0,0,0,1.2577
0,1,0,0,1,0,0,1,0,0,0,0,1,1,0,1,0,0,2.3807
1,1,0,1,0,0,0,1,0,1,0,0,0,1,0,0,1,0,5.8158
0,1,0,0,0,1,1,1,0,0,0,0,1,1,0,0,0,1,2.1559
0,1,1,0,0,1,1,1,0,0,0,0,1,1,1,0,0,0,2.1847
0,1,1,1,1,0,1,1,0,0,1,0,0,1,0,0,1,0,0.7753
0,0,1,0,0,0,0,1,1,0,0,0,0,1,0,0,0,1,0.5178
0,0,0,1,0,0,1,1,0,0,0,0,1,1,0,0,0,1,0.9552
0,0,1,1,0,0,1,1,0,1,0,0,0,1,1,0,0,0,0.4718
1,0,0,1,1,0,1,1,0,0,1,0,0,1,0,0,0,1,10.7131
1,0,0,0,1,0,0,1,0,0,0,0,1,1,0,0,0,1,37.7721
0,1,1,0,0,1,1,1,0,0,0,1,0,1,0,0,1,0,1.2688
0,1,0,0,0,0,1,1,0,1,0,0,0,1,0,0,0,1,0.5378
0,1,1,1,0,0,1,1,0,0,0,0,1,1,0,0,1,0,2.1332
0,0,0,0,1,1,1,1,0,1,0,0,0,1,1,0,0,0,0.4676
1,0,0,0,0,0,0,1,0,1,0,0,0,1,0,0,0,1,6.5217
0,1,0,0,1,0,1,1,0,0,0,1,0,1,0,0,1,0,1.3114
1,0,1,0,0,0,0,1,1,0,0,0,0,1,0,0,1,0,3.2492
1,0,0,0,1,0,0,1,0,0,1,0,0,1,0,0,1,0,10.7399
0,1,0,1,1,1,0,1,0,0,0,0,1,1,0,0,1,0,2.1022
0,1,1,0,1,0,1,1,0,0,0,0,1,1,0,1,0,0,2.1361
1,1,1,0,0,0,1,1,0,0,1,0,0,1,1,0,0,0,10.9108
0,1,0,1,1,0,0,1,0,1,0,0,0,1,0,1,0,0,0.5240
1,1,0,1,1,1,1,1,1,0,0,0,0,1,0,1,0,0,2.0691
1,1,0,1,1,0,1,1,0,1,0,0,0,1,0,0,1,0,5.8528
1,0,1,0,1,1,1,1,1,0,0,0,0,1,0,0,0,1,3.2903
1,1,0,0,1,1,1,1,0,0,0,1,0,1,0,0,1,0,21.2426
1,0,0,0,1,0,1,1,0,0,1,0,0,1,1,0,0,0,10.7131
0,1,0,1,0,0,1,1,0,0,0,0,1,1,0,0,1,0,2.1506
1,0,0,0,0,0,1,1,0,1,0,0,0,1,1,0,0,0,6.5464
1,0,1,0,0,1,0,1,0,0,0,1,0,1,0,0,1,0,20.0148
1,1,0,1,0,0,0,1,0,0,0,1,0,1,0,0,1,0,21.2438
1,0,0,1,1,1,0,1,0,0,1,0,0,1,0,0,1,0,10.7352
1,1,1,1,0,1,0,1,0,0,0,0,1,1,0,1,0,0,39.0091
0,1,0,1,1,0,1,1,1,0,0,0,0,1,0,1,0,0,0.3830
1,0,1,0,0,1,1,1,0,0,0,0,1,1,0,0,1,0,37.6610
0,1,0,0,0,1,1,1,0,1,0,0,0,1,0,0,0,1,0.5275
0,0,0,1,1,1,1,1,0,0,1,0,0,1,0,0,1,0,0.5227
1,0,1,0,0,1,1,1,0,0,1,0,0,1,0,0,1,0,10.7153
0,1,1,0,1,1,1,1,0,1,0,0,0,1,0,1,0,0,0.5313
1,1,0,0,1,1,1,1,0,0,0,1,0,1,1,0,0,0,21.2198
0,0,0,0,0,0,1,1,0,0,0,1,0,1,0,1,0,0,0.6342
1,1,1,1,0,0,1,1,1,0,0,0,0,1,0,1,0,0,2.0853
1,1,1,0,0,1,1,1,0,0,0,1,0,1,0,0,0,1,21.2370
0,0,0,1,1,0,0,1,0,0,1,0,0,1,0,1,0,0,0.5058
0,1,0,1,0,0,1,1,0,1,0,0,0,1,0,0,0,1,0.5371
1,1,1,0,0,0,0,1,0,1,0,0,0,1,0,1,0,0,5.8277
1,0,1,1,0,1,0,1,0,1,0,0,0,1,0,0,1,0,6.5068
0,1,1,1,0,1,1,1,0,1,0,0,0,1,0,1,0,0,0.5282
0,1,0,0,0,1,0,1,0,0,0,1,0,1,1,0,0,0,1.2467
0,0,0,0,0,0,1,1,0,0,1,0,0,1,0,1,0,0,0.5101
1,1,1,1,0,0,0,1,0,0,1,0,0,1,0,1,0,0,10.9281
0,1,0,0,1,0,0,1,0,0,0,1,0,1,0,0,1,0,1.2577
0,1,1,0,0,0,1,1,0,0,0,0,1,1,1,0,0,0,2.1519
1,0,1,1,0,1,0,1,0,1,0,0,0,1,0,0,0,1,6.5071
1,1,1,1,0,0,1,1,0,0,0,1,0,1,0,1,0,0,21.2458
0,0,0,1,0,0,1,1,1,0,0,0,0,1,0,1,0,0,0.5819
1,1,1,0,0,1,0,1,0,0,1,0,0,1,1,0,0,0,10.9226
1,1,0,0,1,0,1,1,0,0,0,1,0,1,1,0,0,0,21.2663
0,1,1,1,1,1,0,1,0,0,0,1,0,1,0,0,1,0,1.2713
0,0,0,1,1,1,0,1,0,0,0,1,0,1,0,0,1,0,0.6326
1,0,0,1,1,1,1,1,0,0,0,0,1,1,0,0,0,1,37.6527
1,0,0,0,0,0,0,1,0,0,0,0,1,1,0,1,0,0,37.7879
0,0,1,0,1,1,0,1,0,0,0,1,0,1,0,0,1,0,0.6345
0,1,0,1,0,1,0,1,0,0,1,0,0,1,0,0,0,1,0.7413
1,0,1,0,0,0,0,1,0,0,0,1,0,1,1,0,0,0,19.9877
1,1,1,1,1,0,1,1,0,1,0,0,0,1,0,1,0,0,5.8450
1,1,0,0,1,1,1,1,1,0,0,0,0,1,0,0,1,0,2.0814
1,0,1,0,0,0,1,1,1,0,0,0,0,1,0,0,1,0,3.2838
0,0,1,0,0,1,0,1,0,0,0,1,0,1,1,0,0,0,0.6399
1,0,1,0,1,0,1,1,0,1,0,0,0,1,0,1,0,0,6.5447
0,1,0,0,0,1,1,1,0,1,0,0,0,1,1,0,0,0,0.5254
1,1,1,1,0,1,0,1,0,0,0,1,0,1,0,0,0,1,21.2784
0,1,0,0,1,1,0,1,1,0,0,0,0,1,1,0,0,0,0.3617
1,1,1,0,1,0,1,1,0,0,0,0,1,1,0,1,0,0,38.8823
0,0,0,0,0,1,0,1,0,0,1,0,0,1,1,0,0,0,0.5019
1,1,0,1,1,0,0,1,1,0,0,0,0,1,0,1,0,0,2.0373
0,0,1,1,0,0,0,1,0,1,0,0,0,1,0,0,1,0,0.4542
1,0,1,0,0,0,1,1,0,0,1,0,0,1,0,0,1,0,10.7279
1,0,0,1,1,1,0,1,0,0,1,0,0,1,0,0,0,1,10.7347
0,0,1,1,1,1,1,1,0,0,0,0,1,1,0,0,0,1,0.9256
1,0,1,1,1,1,0,1,1,0,0,0,0,1,0,0,1,0,3.1990
0,1,0,0,1,1,0,1,0,0,0,0,1,1,0,0,1,0,2.1190
0,1,1,0,1,1,1,1,0,1,0,0,0,1,0,0,0,1,0.5314
0,1,0,1,0,0,1,1,1,0,0,0,0,1,0,1,0,0,0.3844
1,1,0,1,1,1,0,1,0,0,0,0,1,1,0,1,0,0,38.9730
0,1,1,0,0,1,1,1,0,0,0,1,0,1,0,1,0,0,1.2733
1,1,1,1,1,1,1,1,0,0,0,1,0,1,0,1,0,0,21.1746
0,0,1,0,0,1,0,1,0,0,0,1,0,1,0,1,0,0,0.6383
1,1,0,0,0,1,1,1,0,0,0,1,0,1,0,0,1,0,21.1898
0,1,0,1,0,1,1,1,1,0,0,0,0,1,1,0,0,0,0.3898
1,0,1,1,0,1,0,1,1,0,0,0,0,1,0,0,1,0,3.2042
0,1,0,1,0,0,0,1,1,0,0,0,0,1,1,0,0,0,0.3660
0,0,1,0,1,1,1,1,0,0,0,1,0,1,0,0,0,1,0.6438
0,1,0,1,0,1,1,1,0,0,1,0,0,1,0,1,0,0,0.7601
0,0,1,1,1,1,0,1,1,0,0,0,0,1,0,0,1,0,0.5158
1,1,1,1,0,0,1,1,0,0,1,0,0,1,0,0,1,0,10.9456
0,1,0,1,1,1,1,1,0,0,0,0,1,1,0,0,0,1,2.1560
1,1,0,1,0,1,0,1,1,0,0,0,0,1,1,0,0,0,2.0158
1,1,0,0,1,0,0,1,1,0,0,0,0,1,0,1,0,0,2.0428
1,0,0,0,1,0,0,1,1,0,0,0,0,1,0,1,0,0,3.2462
0,0,0,1,0,1,1,1,1,0,0,0,0,1,0,0,1,0,0.5745
1,0,1,0,1,0,0,1,1,0,0,0,0,1,0,0,1,0,3.2391
0,0,1,1,0,1,0,1,0,0,1,0,0,1,0,0,0,1,0.4973
1,1,1,0,1,1,1,1,0,0,0,0,1,1,1,0,0,0,38.8597
0,1,1,0,0,1,0,1,1,0,0,0,0,1,0,0,0,1,0.3642
1,0,0,0,1,0,1,1,0,1,0,0,0,1,0,0,0,1,6.5280
0,0,0,0,1,1,0,1,0,0,0,1,0,1,0,0,0,1,0.6333
1,0,1,1,1,1,1,1,0,0,0,0,1,1,1,0,0,0,37.7196
0,1,0,1,0,0,0,1,0,0,0,1,0,1,0,0,1,0,1.2580
0,0,1,1,0,0,1,1,0,0,0,1,0,1,1,0,0,0,0.6460
0,1,0,0,1,0,0,1,0,0,1,0,0,1,1,0,0,0,0.7504
1,0,0,1,0,0,0,1,0,0,0,1,0,1,0,0,0,1,19.9653
1,0,1,0,1,0,1,1,0,0,0,1,0,1,0,0,0,1,19.9481
0,0,0,0,0,1,0,1,0,0,0,1,0,1,1,0,0,0,0.6447
1,1,1,0,1,1,0,1,1,0,0,0,0,1,0,0,1,0,2.0393
1,0,1,0,1,1,1,1,0,0,1,0,0,1,0,0,1,0,10.7381
1,0,1,0,1,1,0,1,0,0,0,1,0,1,0,0,1,0,20.0147
0,0,1,0,1,0,1,1,0,1,0,0,0,1,0,0,0,1,0.4638
0,1,1,0,0,0,1,1,1,0,0,0,0,1,0,1,0,0,0.3938
1,0,1,0,0,0,1,1,0,0,1,0,0,1,1,0,0,0,10.7338
0,0,0,1,1,0,0,1,0,0,0,0,1,1,0,0,0,1,0.9296
0,1,1,0,1,1,1,1,1,0,0,0,0,1,0,0,0,1,0.3903
0,1,1,0,1,0,0,1,1,0,0,0,0,1,0,1,0,0,0.3693
0,0,1,1,0,1,0,1,0,0,1,0,0,1,1,0,0,0,0.4969
1,1,1,1,0,0,1,1,0,1,0,0,0,1,0,1,0,0,5.8719
1,1,1,0,0,1,1,1,0,0,1,0,0,1,1,0,0,0,10.9115
1,1,1,0,1,1,0,1,0,1,0,0,0,1,0,1,0,0,5.8457
1,1,0,0,1,1,0,1,1,0,0,0,0,1,0,0,0,1,2.0300
0,1,1,1,1,0,0,1,0,0,1,0,0,1,1,0,0,0,0.7493
1,1,1,0,1,1,0,1,0,0,0,1,0,1,0,0,0,1,21.2952
1,0,0,1,1,1,0,1,0,0,1,0,0,1,1,0,0,0,10.7305
1,0,1,0,0,1,1,1,0,0,0,1,0,1,0,1,0,0,19.9085
0,1,1,0,0,0,1,1,1,0,0,0,0,1,0,0,1,0,0.3854
0,1,1,1,0,0,1,1,0,0,1,0,0,1,1,0,0,0,0.7767
0,0,0,0,0,1,0,1,0,1,0,0,0,1,0,1,0,0,0.4483
1,1,0,1,1,1,1,1,0,0,0,1,0,1,0,0,0,1,21.2274
0,0,0,1,0,0,1,1,0,0,0,1,0,1,0,1,0,0,0.6571
1,0,1,0,0,1,1,1,0,0,0,1,0,1,1,0,0,0,19.9483
0,1,0,0,1,1,1,1,0,0,0,0,1,1,0,0,1,0,2.1719
1,0,0,1,0,0,1,1,0,0,0,1,0,1,0,1,0,0,19.9973
0,1,0,0,1,1,1,1,0,1,0,0,0,1,0,0,1,0,0.5248
1,0,1,0,1,0,1,1,0,0,1,0,0,1,0,0,0,1,10.7335
1,1,1,1,0,0,0,1,1,0,0,0,0,1,0,1,0,0,2.0390
1,1,1,0,1,0,0,1,1,0,0,0,0,1,0,1,0,0,2.0415
0,0,0,0,0,0,0,1,0,0,1,0,0,1,0,1,0,0,0.4856
1,1,1,0,0,1,0,1,0,0,0,0,1,1,1,0,0,0,39.0525
0,0,1,0,0,1,0,1,0,1,0,0,0,1,0,0,1,0,0.4608
1,1,0,0,0,0,1,1,0,0,1,0,0,1,0,0,0,1,10.9437
1,0,0,1,1,0,0,1,0,0,1,0,0,1,0,1,0,0,10.7587
